"","Country","Infant_vaccination_rate","Pecentage_of_malnourished_population","Net_migration_rate","Proportion_of_urban_population","Public_social_welfare_expenditures","National_competitiveness","Average_annual_temperature","Annual_precipitation","Pharmaceutical_sales","Exports_to_GDP_ratio","Imports_to_GDP_ratio","GDP","Number_of_foreign_visitors","Number_of_international_travelers","Aging_index","Total_fertility_rate","Population","Population_density","Median_age","Aged_65_older","Aged_70_older","Gdp_per_capita","Extreme_poverty","Cardiovasc_death_rate","Diabetes_prevalence","Female_smokers","Male_smokers","Handwashing_facilities","Hospital_beds_per_thousand","Life_expectancy","Human_development_index"
"1","Afghanistan",5.818313994555,NA,-0.281262917935199,1.28696744676145,NA,NA,0.519131660317006,0.450733155958987,NA,NA,NA,1.1205412045898,NA,NA,0.119616504337443,3.84876472381315,0.0709291630821279,0.034751859630863,2.0411647557737,0.416849053715105,0.318194275379148,0.0914091904850476,NA,5.03471596869713,2.09867901945694,NA,NA,1.18125967487188,0.204419786756843,8.64272149278667,3.21110867383573
"2","Albania",8.72747099183249,0.520499819655133,-0.810698998754396,3.07387224784177,NA,NA,1.44944968359372,2.08498556065461,NA,0.806091157348706,2.17643342107408,0.800386574707,NA,NA,1.61956949523554,1.36732430977572,0.00524347917928863,0.0669667096275079,4.1701215440538,2.12995169329516,2.05695820650859,0.59808749877694,0.053934928400802,2.56526135932731,2.20591079417372,0.679534403195949,3.74803985854321,NA,1.18154636745455,10.4744505273523,5.06168736739166
"3","Algeria",8.02222081067431,0.404833193065103,-0.0330897550511998,3.64805772408919,NA,NA,0.0624946458384358,0.0523965803324179,NA,0.902100805473068,1.46843700698974,1.07480482889226,NA,NA,0.415809753173017,2.5742834227259,0.0798985443604803,0.0110777858380106,3.19343518242014,1.003118741815,0.917932176617333,0.705023239928716,0.0245158765458191,2.34742981649201,1.47279559968146,0.0669963496108682,2.22539866601003,2.62067149985286,0.776795189676003,10.249150522373,4.86179907645008
"4","Angola",5.20122008604159,2.68924906821819,0.0330897550511998,3.30651636321788,NA,NA,1.03258198919415,0.660932302789622,NA,1.40992848743035,0.104888357642124,0.297286442034029,NA,NA,0.0892377095850767,4.68435180200943,0.0598837973309195,0.0152552630660637,1.84363268263431,0.388423856716322,0.3241440561454,0.294877583364948,NA,2.32787380441988,0.862231004865522,NA,NA,0.834448894473158,NA,8.15212739910388,3.74629345280835
"5","Argentina",7.58143944745045,0.54941647630264,0.0165448775255999,4.55883468641267,NA,3.41151524177769,0.945231518306341,1.76769515753052,NA,0.504416171617842,3.27776117631638,2.83565529324766,2.53164580548806,0.108038666572259,0.882883722490653,1.91594208838944,0.082348709323536,0.0103300289083178,3.50070729619253,1.80855315904756,1.7708927472672,0.959393339081255,0.0294190518549829,1.61096338859946,1.20362196110669,1.55048694813724,2.02774812659466,NA,2.04419786756843,10.2211546637661,5.31960774280016
"6","Armenia",8.11037708331909,NA,-0.281262917935199,3.13327074538461,NA,NA,NA,NA,NA,0.828022295245133,1.62576954345293,0.457363756975429,NA,NA,1.07654853903699,1.4854881390156,0.00539914371476828,0.0657278979762662,3.91771945059791,1.81404439028596,1.80183160725171,0.44527237398196,0.0882571555649487,2.87572042980392,1.55595493517611,0.143563606309003,3.81392337168166,2.94307220908113,1.71712620875748,10.0105191561523,4.86824708583529
"7","Australia",8.3748459012534,0.361458208093842,1.05887216163839,4.26679207349373,NA,0.990439908903201,0.463738678778393,0.957233432505693,0.697298817484562,0.775387564293706,0.340887162336904,0.777518386858229,3.14537812197001,0.324115999716776,1.59488672449924,1.54457005363554,0.0464619136485641,0.00204467778725558,4.1591475399905,2.50400144471096,2.41061317525459,2.262379073298,0.0245158765458191,0.908996160960074,1.10952060778381,1.2442179213447,1.20786440753834,NA,1.56994396229255,11.1236878198075,6.05468081271436
"8","Austria",7.49328317480568,0.361458208093842,1.22432093689439,2.90557650480373,5.85864238846896,0.880391030136178,0.524812991756864,0.931494761465207,0.237619171249015,1.79494179716764,2.04532297402142,2.60697341475994,1.68776387032537,0.432154666289035,2.52903466313452,1.29136184812152,0.0164100600737873,0.0681659303909263,4.87245780410496,3.10125359528766,3.27190343897721,2.30230632791882,0.0343222271641467,1.22432104384101,1.38963626418682,2.7181376127838,2.26200061775362,NA,3.01314765679586,10.8703919562213,5.85479252177278
"9","Azerbaijan",8.3748459012534,0.361458208093842,0.0165448775255999,2.7917293845133,NA,NA,1.72073325984693,1.91033029287988,NA,1.73207253519788,0.760440592905401,2.62984160260871,NA,NA,0.544919630870575,1.75557689156389,0.018474026342228,0.0761862779886559,3.55557731650903,0.971947929197018,0.921264053846434,0.802998991715218,NA,4.72086685214332,1.55595493517611,0.0287127212618007,3.11116589820481,2.60502401833334,1.92154599551432,9.73189370620742,4.88114310460572
"10","Bahamas",7.93406453802954,NA,0.430166815665598,4.11829582963664,NA,NA,NA,NA,NA,0.165701930773011,0.970217308189649,0.0228681878487714,NA,NA,0.681624207256224,1.4854881390156,0.000716515289560391,0.0252213112314909,3.76408339371172,1.45291518296051,1.23755439938038,1.40448127190407,NA,1.98978838829933,2.88212749595912,0.296698119705273,1.49335963113831,NA,1.18563476318969,9.85454222962811,5.20354357386633
"11","Bahrain",8.72747099183249,NA,5.14545691046157,4.43013794173653,NA,NA,0.139902786706498,0.121033036440381,NA,1.01224385357513,1.9404346163793,2.28681878487714,NA,NA,0.275307827443322,1.68805470342682,0.00310035966096722,1.23619801408263,3.55557731650903,0.38309413227905,0.330093836911652,2.19356807980157,NA,1.2791858194086,3.61524269045138,0.555112611061479,2.75246677111767,NA,0.817679147027371,10.3038091034626,5.45501593988961
"12","Bangladesh",8.63931471918772,NA,-0.380532183088798,1.89085217178028,NA,NA,2.54239581933636,3.21212486330256,NA,0.664269798951805,0.471997609389559,1.80658684005294,NA,NA,0.370241561044467,1.73025607101249,0.300071356873442,0.807804812391834,3.01785111740735,0.823361672157925,0.77632739438054,0.178562553234729,0.725669945756245,2.51304453019811,1.83388218801347,0.0957090708726689,3.27221448587659,1.08931507346316,0.327071658810949,9.67723512511776,3.92038970620908
"13","Belarus",8.55115844654295,0.361458208093842,0.148903897730399,3.93515046221289,NA,NA,0.617134627654553,1.01606468059823,NA,2.4036527134485,2.77954147751629,3.0414689838866,NA,NA,1.71640190350871,1.44328677142993,0.0172170817714625,0.0299217713164341,4.42252363750968,2.3901391499147,2.32945816560292,0.869912014745123,NA,3.736884895864,1.13359304700594,1.00494524416302,3.37469995075863,NA,4.49723530865054,9.97052507242812,5.20999158325155
"14","Belgium",8.63931471918772,0.361458208093842,0.694884856075197,4.85582717412685,6.36521673032906,1.37561098458778,0.60648213120482,1.31374466769147,0.493996432639843,4.13231373830694,3.19909490808479,2.8813916689452,2.99194504284952,0.108038666572259,2.14550237938589,1.44328677142993,0.0211167941455106,0.239821164426251,4.58713369845918,2.99934280377498,3.05794932262279,2.16153769367788,0.00980635061832763,0.968929139742563,0.938825129663221,2.40229767890399,2.2986025694972,NA,2.30585519461719,10.8823901813385,5.90637659685448
"15","Bolivia",7.31697062951613,2.24104089018182,-0.132359020204799,3.46986223146068,NA,NA,1.08016314000296,1.0234185866098,NA,1.00493347427632,1.04888357642124,2.46976428766731,NA,NA,0.470871318661682,2.32107521721188,0.0212687763293948,0.00651461673503481,2.78739703207806,1.08274159477182,1.04549547624577,0.34890941825438,0.348125446950631,1.72284334209704,1.50781005673184,NA,NA,0.794360046820138,0.449723530865054,9.53325642371085,4.46847050395213
"16","Brazil",7.31697062951613,0.361458208093842,0.0165448775255999,4.31134094665086,NA,3.08136860547662,1.72712475771677,2.33348630129549,NA,0.502466737138159,3.0417623716216,1.09767301674103,2.45492926592781,2.91704399745099,0.879086373146607,1.46860759198133,0.387292666430397,0.0159896101789131,3.67629136120532,1.38120616325904,1.20423562708937,0.714631053530167,0.16670796051157,1.50073629338828,1.77479529174096,0.966661615813955,1.31034987242038,NA,0.899447061730108,10.1158369099592,4.89403912337614
"17","Bulgaria",8.11037708331909,0.433749849712611,-0.115814142679199,3.74705521999391,NA,2.64117309040853,0.480072506667984,0.831450998432842,NA,2.44312876166207,2.72709729869523,3.11007354743291,3.22209466153025,0.108038666572259,2.77586237049749,1.31668266867292,0.012660374830055,0.0416215172308928,4.90537981629486,3.35950297029365,3.15861961318778,0.940614796889011,0.0735476296374572,3.58137285678593,1.2714624716418,2.88084303326733,3.25025331483044,NA,3.04749018097101,10.0051866116557,5.24223163017761
"18","Cameroon",6.96434553893704,0.910874684396483,-0.0330897550511998,2.85112788205613,NA,NA,2.40249303262987,2.40534009128351,NA,0.493694281979588,0.314665072926373,2.33255516057469,NA,NA,0.123413853681489,3.88252581788169,0.0483677410453219,0.0324932633368208,2.0631127639003,0.511169025574703,0.456705171617491,0.1705029812865,1.16695572358099,2.06321408778704,1.57565056726694,NA,NA,0.0855917239117944,0.531491445567791,7.90416408001422,3.58509321817805
"19","Canada",8.02222081067431,0.361458208093842,1.09196191668959,4.03909783291286,NA,0.440195515068089,0.357923880711041,0.487655892392065,1.47868972732382,1.25592316353544,1.25866029170549,0.983332077497172,1.22746463296391,1.8366573317284,2.1796785234823,1.29136184812152,0.0687678832479472,0.00257787764745496,4.54323768220598,2.74303151038254,2.56959131732884,2.23039986452891,0.0245158765458191,0.890511133593926,1.61285342788297,1.14850885047203,1.21518479788706,NA,1.02209893378421,10.9890410712696,5.9708566907066
"20","Cape_Verde",8.63931471918772,NA,-0.413621938139998,3.30156648842264,NA,NA,0.598670300475015,0.175880918776654,NA,0.175449103171423,2.22887759989514,1.18914576813611,NA,NA,0.322774694243895,1.93282263542371,0.00101303478418734,0.0865763317914153,2.82031904426796,0.720320333037338,0.817975859744302,0.315300844124428,NA,1.53664379636504,0.529593662886945,0.200989048832605,1.20786440753834,NA,0.85856310437874,9.72922743395914,4.21699813792885
"21","Central_African_Republic",4.14334481430432,NA,-1.42285946720159,2.08884716358974,NA,NA,1.67741310761801,2.33639722242507,NA,NA,NA,1.21201395598489,NA,NA,0.121515179009466,4.0091299206387,0.00880004412220368,0.00477581048434869,2.0082427435838,0.590307358128132,0.535718260193315,0.0335054593610336,NA,3.67446419670149,1.33492617504561,NA,NA,0.519590271337303,0.408839573513686,7.10294926940728,2.36641944437292
"22","Chile",8.3748459012534,0.506041491331379,0.992692651535995,4.34104019542227,NA,2.09092869657342,0.84935905025874,0.596738831563648,0.224258101702077,1.18233201192742,0.865328950547525,1.9209277792968,2.37821272636757,0.108038666572259,1.20755709140657,1.39264513032713,0.0348305802621551,0.0155055796471393,3.88479743840801,1.79062590412219,1.65118315825021,1.15362052049883,0.0637412790191296,1.07935862576433,1.85138941653866,3.27325022384528,3.03796199471764,NA,0.862651500113877,10.6890854433385,5.43567191173398
"23","China",8.72747099183249,0.361458208093842,-0.0330897550511998,3.03922312427512,NA,NA,2.5530483157861,3.11514522777501,NA,0.934753833007749,0.157332536463186,0.6403092597656,2.22477964724708,0.540193332861294,1.28350407828749,1.42640622439566,2.62251172465916,0.0942991091677642,4.24693957249689,1.71859387081846,1.41105000652429,0.775702358879933,0.0343222271641467,2.20858128748488,2.13150507294167,0.181847234658071,3.54306892877913,NA,1.7743637490494,10.2531499307454,4.84890305767966
"24","Colombia",8.11037708331909,NA,0.694884856075197,4.02919808332238,NA,2.9713197267096,0.78544407156034,1.18275321686043,NA,0.534145047433,0.288442983515842,2.10387328208697,NA,NA,0.774659266185347,1.53612978011841,0.0927108703996658,0.0282391585839487,3.53362930838243,1.23488100143576,1.02621818656312,0.671636856590757,0.220642888912372,1.04770976276015,1.62817225284251,0.449832633101544,0.988252697076822,2.04625245327115,0.699115670708402,10.3038091034626,4.8166630107536
"25","Congo",6.61172044835795,4.04833193065103,-0.132359020204799,3.35601511117024,NA,NA,1.61491846177958,1.95950953933224,NA,NA,NA,0.388759193429114,NA,NA,0.127211203025535,3.75592171512467,0.0100542082533182,0.00983705849864842,2.0850607720269,0.549446137442382,0.490975908831102,0.247344005743309,1.81417486439061,2.90172764896323,1.57565056726694,0.162705420483537,3.8285641523791,1.50103160720487,NA,8.60805995355908,3.90749368743866
"26","Costa_Rica",8.28668962860863,0.462666506360118,0.132359020204799,3.99949883455097,NA,NA,2.64181911953387,3.01188413086258,NA,NA,NA,3.06433717173537,NA,NA,0.934147938635271,1.4854881390156,0.00928170154142842,0.0613524663090972,3.68726536526862,1.52914639309361,1.35512206732152,0.786661558666671,0.0637412790191296,1.16351947116312,1.92141833063941,0.612538053585081,1.27374792067679,2.62380099615677,0.461988718070465,10.7024168045799,5.11971945185857
"27","Cote_dIvoire",7.22881435687136,NA,-0.0496346325767998,2.55908526913719,NA,NA,4.26952057705313,2.96117282065782,NA,1.47182303216027,0.891551039958056,2.5612370390624,NA,NA,0.131008552369581,3.95004800601876,0.048062386457728,0.0487855522387693,2.052138759837,0.473699447712671,0.376502126888416,0.182465307894014,1.3826954371842,2.56142436687676,0.529593662886945,NA,NA,0.605588829768605,NA,7.70286052526938,3.17242061752446
"28","Croatia",8.19853335596386,0.361458208093842,-0.314352672986398,2.85112788205613,NA,3.30146636301067,NA,NA,NA,1.28272788763107,2.33376595753726,3.08720535958414,0.843881935162685,0.108038666572259,2.77396369582547,1.22383965998444,0.0074799802916811,0.0470786741234244,4.82856178785176,3.18556014547723,3.10649953367541,1.14869330667591,0.0343222271641467,2.14013102875722,1.22331759319753,3.28282113093254,2.92083574913816,NA,2.26497123726582,10.4637854383592,5.35829579911143
"29","Cuba",8.72747099183249,0.361458208093842,-0.215083407832799,3.82130334192246,NA,NA,NA,NA,NA,NA,NA,0.0228681878487714,NA,NA,1.89487732267886,1.36732430977572,0.0206375964861343,0.0705024313352012,4.72979575128207,2.3802872350458,2.31303677068806,NA,NA,1.61042367977126,1.80980974879134,1.63662511192264,3.90176805586627,2.66626826100075,2.12596578227117,10.5051126582075,5.01010329230997
"30","Czechia",8.46300217389818,0.361458208093842,0.347442428037598,3.66785722327013,4.11866964903645,1.81580649965587,0.549668816806242,0.802341787137055,0.28102699466463,4.06505824875789,3.1204286398532,1.600773149414,0.0767165395602441,0.108038666572259,2.42650623084528,1.38420485680999,0.0195122399570424,0.087595477871509,4.75174375940867,3.07298990509001,2.75593845092785,1.6521623894693,NA,1.91836973101653,1.4924912317723,2.9191266616164,2.80370950355869,NA,2.71060637239574,10.5824345534075,5.72583233406853
"31","Democratic_Republic_of_the_Congo",7.14065808422659,NA,0.0496346325767998,NA,NA,NA,NA,NA,NA,NA,NA,2.65270979045749,NA,NA,0.125312528353512,5.03040301621192,0.163184848544672,0.0229109913581958,1.86558069076091,0.487750539410933,0.415294697484378,0.040948622874917,3.7803481633653,2.6896811101303,1.33492617504561,NA,NA,0.13995107471062,NA,8.0894700012694,2.94674028904203
"32","Denmark",8.55115844654295,0.361458208093842,0.430166815665598,4.36083969460322,NA,NA,0.244297251913885,0.419938674535548,NA,1.48741850799773,1.33732655993708,2.17247784563329,0.383582697801221,2.26881199801743,2.35055924396436,1.4854881390156,0.0105536506472698,0.0871765807358314,4.64200371877567,3.17796932582415,2.93324191776216,2.36543329079206,0.00980635061832763,0.967824423234823,1.40276668558071,1.84718506784251,1.37623338555883,NA,1.02209893378421,10.7850712442764,5.99020071886224
"33","Djibouti",7.4051269021609,NA,0.148903897730399,3.86585221507958,NA,NA,0.316734227772072,0.299671669971373,NA,NA,NA,1.18914576813611,NA,NA,0.309483971539734,2.32951549072901,0.00180018344433092,0.026363061351295,2.78739703207806,0.680428153158364,0.566419128947175,0.137084675440228,1.10321444456186,2.17601323288266,1.32398415721736,0.162705420483537,1.79349563543571,NA,0.57237540291916,8.94667652909013,3.06925246736106
"34","Dominican_Republic",8.28668962860863,NA,-0.463256570716798,4.08364670606998,NA,NA,NA,NA,NA,0.294364606432055,0.917773129368587,3.38449180161817,0.0767165395602441,0.108038666572259,0.520236860134277,1.99190455004365,0.0197653619997643,0.142318386158343,3.02882512147065,1.12747897868468,1.05168324824267,0.739835089939507,0.078450804946621,2.24867153388026,1.7944909238318,0.813527102417685,1.39819455660499,1.72691865042071,0.654143317621897,9.87587240761432,4.74573490751626
"35","Ecuador",7.49328317480568,1.27233289249033,0.363987305563198,3.17781961854173,NA,NA,1.02334982560439,1.53696635641759,NA,0.819249840086562,0.367109251747435,0.343022817731571,NA,NA,0.525932884150346,2.05942673818072,0.0321464374761762,0.0427447490321991,3.08369514178715,1.1473443152236,1.06096490623803,0.536193555454991,0.176514311129897,1.18439102350401,1.21456397893494,0.191418141745338,0.900408012892216,2.52346934465358,0.613259360270528,10.2664812919868,4.84890305767966
"36","Egypt",8.3748459012534,0.679541431216424,-0.0661795101023997,2.11854641236116,NA,NA,0.0383489872190401,0.0372291491835601,NA,0.323118765007371,0.419553430568497,1.66937771296031,2.91522850328928,0.108038666572259,0.298091923507597,2.81061108120566,0.186457818978189,0.0625785067062023,2.77642302801476,0.833213587026822,0.688032647809362,0.534585775790231,0.0637412790191296,4.43094201598996,3.78812657213761,0.0191418141745338,3.66751556470732,2.8111326449085,0.654143317621897,9.59724695766948,4.48781453210777
"37","El_Salvador",7.14065808422659,1.28679122081408,-1.04232728411279,3.63320809970348,NA,NA,2.3691152104207,2.70087518912338,NA,1.09363274310187,2.2813217787162,1.69224590080909,NA,NA,0.617069268407446,1.73025607101249,0.0118181457697481,0.196556625350696,3.02882512147065,1.33614576574392,1.28919849643145,0.369513573227639,0.107869856801604,1.41079044398712,1.94111396273025,0.239272677181672,1.37623338555883,2.83688839948964,0.531491445567791,9.77455406217983,4.3459583256331
"38","Estonia",8.11037708331909,0.361458208093842,0.496346325767998,3.42531335830355,4.05259473488078,1.54068430273831,0.579495806865495,0.992930517936844,0.0240611950650813,2.67803561646381,2.88442983515842,2.03526871854066,NA,NA,2.34486321994829,1.34200348922432,0.00241701286643073,0.019816516480919,4.68589973502887,3.14163029557002,3.21073969270014,1.49383414614722,0.0245158765458191,2.15520071119486,0.87973823339071,2.34487223638039,2.87691340704586,NA,1.91745759977919,10.4971138414626,5.61621617451992
"39","Eswatini",7.93406453802954,NA,-1.22432093689439,1.1978697004472,NA,NA,NA,NA,NA,NA,NA,2.44689609981854,NA,NA,0.203158189906451,2.55740287569163,NA,NA,NA,NA,NA,NA,NA,NA,NA,NA,NA,NA,NA,NA,NA
"40","Finland",8.02222081067431,0.361458208093842,0.413621938139998,4.23214294992707,6.32116678755861,0.715317711985645,0.556770481106064,0.988334326679614,0.187706122313593,1.17063540504933,1.12754984465284,1.82945502790171,0.0767165395602441,2.80900533087873,2.69991538361658,1.29136184812152,0.0100954338283792,0.0115809732509891,4.69687373909217,3.42846637437592,3.15671568334257,2.05650478737485,NA,1.29451692330991,1.26052045381356,1.75147599696984,1.65440821881009,NA,1.34099380112489,10.9197179928144,5.93216863439533
"41","France",8.46300217389818,0.361458208093842,0.0992692651535995,4.00939858414144,NA,NA,NA,NA,NA,0.988850639818938,0.812884771726463,1.85232321575049,3.06866158240976,1.62057999858388,2.23284141429894,1.56145060066981,0.118931232584282,0.0782737394772688,4.60908170658577,3.18459110467045,3.11268730567231,1.95617437057034,NA,0.725739714931896,1.04386850081435,2.88084303326733,2.60605896414332,NA,2.44486064961184,11.0197032021247,5.80965645607629
"42","Gabon",6.17093908513409,2.40008250174311,0.264718040409599,4.45983719050795,NA,NA,2.39397103547008,2.92915268823245,NA,NA,NA,0.914727513950857,NA,NA,0.180374093842176,3.37610940685364,0.0040553750874834,0.00501846431294242,2.53499493862218,0.718705265026043,0.708261902414619,0.839228201095145,0.16670796051157,2.19228882723333,1.57565056726694,NA,NA,NA,2.57568931313622,8.8613558171453,4.52650258841904
"43","Gambia",8.19853335596386,NA,-0.231628285358399,3.09862162181795,NA,NA,2.5807448065554,1.76309896627329,NA,NA,NA,0.182945502790171,NA,NA,0.110123130977329,4.4311435964954,0.00440326894410187,0.132543906804963,1.92045071107741,0.377764407841779,0.337233573831154,0.0791357460980934,0.495220706225545,2.79493276458143,0.41798508103887,0.0669963496108682,2.28396178879977,0.246479128895537,0.449723530865054,8.2721096502763,2.96608431719766
"44","Germany",8.19853335596386,0.361458208093842,1.09196191668959,3.83615296630817,5.52826781769063,0.935415469519689,0.536175654636579,0.894878437782611,3.16728098068378,1.86073521085693,1.57332536463186,2.401159724121,1.84119694944586,2.70096666430647,2.9505404403236,1.34200348922432,0.152658062119037,0.151349578520977,5.11388589349755,3.46480540463005,3.79762606748322,2.29179515800274,NA,1.31671244886999,1.81856336305393,2.69899579860926,2.42304920542539,NA,3.27071658810949,10.8423960976144,6.03533678455872
"45","Ghana",8.55115844654295,0.93979134104399,-0.0496346325767998,2.83627825767043,NA,NA,2.28957657026269,1.48686787171379,NA,NA,NA,3.13294173528169,NA,NA,0.161387347121947,3.28326639816517,0.0566162833229135,0.0809180276462336,2.31551485735619,0.546700521823181,0.463606917306343,0.214216752099822,0.588381037099658,2.51508530420478,1.08763657212732,0.0287127212618007,0.563670056851225,1.28456434786378,0.367955616162317,8.54140314735218,3.81722155604569
"46","Greece",8.72747099183249,0.361458208093842,-0.248173162883999,3.94505021180337,5.17586827552709,2.69619752979205,0.477942007378037,0.569621303145994,NA,0.700334336825931,0.943995218779118,1.37209127092629,1.53433079120488,0.108038666572259,3.09863706474139,1.09723555722743,0.0189912701093055,0.0533065762030945,4.97122384067466,3.29409271583622,3.45658463396167,1.24519986302026,0.0735476296374572,1.48162722768951,0.995723622370082,3.37853020180521,3.80660298133294,NA,1.72121460449262,10.9637114849109,5.60976816513471
"47","Guatemala",7.58143944745045,2.32779086012434,-0.0827243876279996,2.56403514393243,NA,NA,1.7058197648173,1.69185800178623,NA,0.741759819519184,0.970217308189649,3.29301905022309,NA,NA,0.286699875475459,2.44767931996889,0.032642957311019,0.100786906269112,2.51304693049558,0.758112924501628,0.717781551640622,0.376169162857837,0.426576251897252,1.31468010781377,2.22779482983021,NA,NA,2.39922834138856,0.245303744108211,9.90520140234536,4.191206100388
"48","Guinea",3.96703226901477,NA,-0.0496346325767998,1.82650379944221,NA,NA,6.11311262928699,4.84438558512004,NA,NA,NA,0.365891005580343,NA,NA,0.131008552369581,4.00068964712156,0.0239285292299424,0.0330488128917591,2.0850607720269,0.506323821540819,0.412438802716577,0.101286875958371,1.73082088413483,2.83951777356174,0.529593662886945,NA,NA,0.546097105031376,0.122651872054106,8.21211852469009,2.95963630781245
"49","Haiti",5.64200144926545,NA,-0.529436080819197,2.82637850807995,NA,NA,NA,NA,NA,NA,NA,3.5217009287108,NA,NA,0.301889272851643,2.49832096107169,0.0207759206257042,0.254434033409248,2.66668298738177,0.77523264542135,0.703026095340317,0.0837673473598965,1.1522461976535,3.63078994636879,1.45528837115627,0.27755630553074,1.69101017055367,0.715496739961739,0.28618770145958,8.53207119448321,3.21110867383573
"50","Honduras",7.93406453802954,1.99524930867801,-0.115814142679199,2.89072688041803,NA,NA,1.28611140469781,1.3302909562175,NA,0.878220233096957,2.30754386812673,1.46356402232137,NA,NA,0.309483971539734,2.10162810576639,0.01804663486935,0.0528761849386941,2.73252701176157,0.751329638854192,0.686128717964162,0.23013569626557,0.78450804946621,2.02566215947433,1.57783897083259,0.191418141745338,NA,2.63406574403357,0.28618770145958,10.0345156063867,3.978421790676
"51","Hungary",8.72747099183249,0.361458208093842,0.0992692651535995,3.55895997777493,4.272844448733,2.58614865102502,0.489304670257753,0.873889164374596,0.140253663974209,3.98269464199131,3.06798446103213,0.846122950404543,0.920598474722929,1.08038666572259,2.65624586616005,1.25760075405298,0.0176015859648485,0.0689922305335587,4.76271776347197,3.00031184458175,2.85018297826528,1.35683637086852,0.0245158765458191,2.34685637586204,1.65224469206464,2.56500309938753,2.54749584135359,NA,2.87005380606607,10.249150522373,5.40343186480792
"52","Iceland",8.02222081067431,0.361458208093842,0.181993652781599,4.64793243272693,3.52399542163546,1.15551322705373,0.607902464064784,1.22274008079833,0.0161973228293951,1.04830839144925,1.38977073875815,1.64650952511154,NA,NA,1.52653443630642,1.49392841253274,0.000621772628373147,0.00217366745403435,4.0933035156107,2.33070464709906,2.19118526059523,2.35532160826573,0.00980635061832763,0.995020688406278,1.16204229335937,1.36863971347916,1.11269933300501,NA,1.18972315892483,11.0636966942213,6.02888877517351
"53","India",7.84590826538477,2.02416596532552,-0.0661795101023997,1.72750630353748,NA,2.36605089349098,1.80524306501481,1.21936954054302,NA,0.562899206008316,0.23599880469478,1.78371865220417,0.767165395602441,1.2964639988671,0.47656734267775,1.89062126783804,2.51442916814042,0.287620775845681,3.09466914585045,0.967264231964264,0.812502061439351,0.325643736818116,1.03947316554273,2.38045325041803,2.27375130470883,0.181847234658071,1.50800041183574,1.86361504897527,0.216684973962253,9.28662624074532,4.12672600653588
"54","Indonesia",6.96434553893704,1.30124954913783,-0.0661795101023997,2.80162913410377,NA,2.20097757534045,3.275997741508,2.95305288277004,NA,0.75443114363712,0.183554625873717,0.274418254185257,0.460299237361465,2.48488933116195,0.457580595957521,1.95814345597511,0.498372163373804,0.0930545504521611,3.21538319054674,0.859054675207533,0.726587227174674,0.566940910097708,0.279480992622337,2.8913551199211,1.38307105348987,0.267985398443473,5.57081705537379,2.00926180695899,0.425193156454233,9.56125228231775,4.47491851333734
"55","Iran",8.72747099183249,0.679541431216424,-0.115814142679199,3.75695496958439,NA,NA,0.247848084063796,0.322959039008003,NA,NA,NA,0.0228681878487714,NA,NA,0.503148788086071,1.81465880618383,0.153038883960827,0.0318202182438267,3.55557731650903,0.878596998144197,0.757288095928534,0.966928723174711,0.00980635061832763,2.27949396774124,2.09867901945694,0.0765672566981351,1.54460236357933,NA,0.613259360270528,10.2224877998902,5.14551148939942
"56","Iraq",7.4051269021609,3.42662381272963,0.0330897550511998,3.50946122982257,NA,NA,0.214470261854632,0.237010262497809,NA,NA,NA,1.41782764662383,NA,NA,0.172779395154085,3.10602065430535,0.0732871836192141,0.0562733385390063,2.19480081265989,0.514560668398421,0.465748838382194,0.793704322719132,0.122579382729095,1.84354416175565,1.93236034846765,NA,NA,2.95975242438094,0.57237540291916,9.41194103641429,4.41688642887043
"57","Ireland",8.28668962860863,0.361458208093842,0.810698998754396,3.15307024456555,3.17159587947192,0.660293272602134,0.54256715250642,1.13311435128235,0.167457903515656,2.11026282425628,1.23243820229496,2.30968697272591,0.153433079120488,0.108038666572259,1.32907227041604,1.55301032715267,0.00899688321550304,0.0446189305767322,4.24693957249689,2.24946672613095,2.06528789958134,3.41192293747321,0.00980635061832763,1.0664224797882,0.717796369532719,2.20130863007138,1.88134031962032,NA,1.21016513760051,10.9717103016558,6.04823280332915
"58","Israel",8.63931471918772,0.361458208093842,0.198538530307199,4.58358406038885,NA,1.43063542397129,0.969377176925736,0.957233432505693,NA,0.921595150269892,0.629330145852745,2.26395059702837,NA,NA,0.846808903722218,2.56584314920877,0.0157707794214258,0.257089177144229,3.35804524336964,1.89495929765181,1.75137746635389,1.67883612802728,0.0245158765458191,0.786962935131821,1.47498400324711,1.4739196914391,2.59141818344589,NA,1.22243032480592,11.061030421973,5.82255247484672
"59","Italy",8.3748459012534,0.361458208093842,0.413621938139998,3.5144111046178,6.14496701647684,2.42107533287449,0.745674751481336,1.14429841667494,1.65341670382167,1.20669994292346,0.707996414084339,1.34922308307751,2.14806310768684,1.72861866515614,3.4062223616091,1.12255637777884,0.110164131023605,0.131453880264412,5.25654794632044,3.71804806880102,3.86497758575719,1.78462448302309,0.0980635061832763,0.954196775322553,1.04605690438,1.89503960327884,2.03506851694338,NA,1.30010984377352,11.1330197726765,5.67424825898683
"60","Japan",8.72747099183249,0.361458208093842,0.0992692651535995,4.54398506202696,NA,1.87083093903938,1.31522822832708,2.15300919126161,3.91670925695363,0.637952433476092,0.131110447052655,2.69844616615503,1.61104733076513,0.756270666005811,4.33087692688426,1.15631747184737,0.2304457134593,0.222078061054395,5.28946995851034,4.36859746375044,4.40117182841181,1.97626791742252,NA,0.669323276483204,1.25176683955096,1.07194159377389,2.4669715475177,NA,5.3353564343536,11.2823310185799,5.86124053115799
"61","Kenya",8.11037708331909,3.32541551446335,-0.0330897550511998,1.38596494266618,NA,NA,1.08584447144282,1.13005022377753,NA,0.40109614419467,0.603108056442214,3.43022817731571,NA,NA,0.123413853681489,2.9709762780312,0.0979736924015854,0.055761849810839,2.19480081265989,0.433807267833697,0.363650600433312,0.151658668593,1.80436851377228,1.84375498551667,0.639013841169372,0.114850885047203,1.49335963113831,0.771452133875556,0.57237540291916,8.89201794800048,3.80432553727526
"62","Kuwait",8.72747099183249,0.361458208093842,1.62139799750879,4.94987479523634,NA,NA,0.204527931834881,0.182009173786294,NA,2.0610396036443,1.44221491757921,0.731782011160686,NA,NA,0.26771312875523,1.77245743859816,0.00778115510957689,0.148228284010014,3.69823936933192,0.378733448648555,0.265122230944182,3.32047478125976,NA,1.11513120153404,3.46643124798728,0.258414491356206,2.70854442902536,NA,0.817679147027371,10.0638446011178,5.17775153632549
"63","Libya",8.55115844654295,NA,-0.0496346325767998,3.99454895975573,NA,NA,0.430360856569228,0.46819868273646,NA,1.25689788077528,1.70443581168452,2.67557797830626,NA,NA,0.309483971539734,1.89906154135517,0.0125197895334688,0.00231351268682916,3.18246117835684,0.714506088196678,0.670183305510607,0.906067650343984,NA,2.88290530357945,2.28250491897142,NA,NA,NA,1.51270642200064,9.71989548109017,4.55229462595989
"64","Luxembourg",8.72747099183249,0.361458208093842,2.69681503667279,4.52913543764125,4.93359359028965,0.825366590752667,0.563161978975904,1.29873044291786,0.0146884110389489,1.3070958186271,1.99287879520036,3.15580992313046,NA,NA,1.75627407162119,1.22383965998444,0.00114055602291138,0.147793422806665,4.35667961312989,2.31148533776466,2.34230969205802,4.77712558972301,0.00980635061832763,1.08173671778862,0.967274376016652,2.00031958123878,1.90330149066647,NA,1.84386647654672,10.9650446210351,5.82900048423193
"65","Madagascar",6.61172044835795,6.02912291100529,-0.0165448775255999,1.90570179616599,NA,NA,2.21998026012443,2.18196519618215,NA,NA,NA,0.434495569126657,NA,NA,0.146197949745764,3.46895241554212,0.0504542642225956,0.0280654695276921,2.15090479640669,0.473053420508153,0.401253214876024,0.0717719328191615,3.80486403991112,3.42372728124634,0.862231004865522,NA,NA,1.58164743199345,0.0817679147027371,8.93734457622117,3.34651687092519
"66","Malawi",8.11037708331909,NA,-0.148903897730399,0.861278214371124,NA,NA,1.48353767223287,1.28111170976514,NA,NA,NA,3.17867811097923,NA,NA,0.115819154993397,3.58711624478199,0.0348556260835459,0.126128267289486,1.9862947354572,0.481128760564625,0.424338364249081,0.0554864878555818,3.50086717074296,1.91722284975658,0.862231004865522,0.421119911839743,1.80813641613315,0.272391358291868,0.531491445567791,8.5667327337108,3.07570047674627
"67","Malaysia",8.72747099183249,0.433749849712611,0.264718040409599,3.82130334192246,NA,1.4856598633548,1.95082718316117,3.59085102289828,NA,3.11470893991268,2.75331938810576,2.19534603348206,1.45761425164464,0.108038666572259,0.58099444963901,1.69649497694395,0.0589722832128353,0.0614642147827916,3.28122721492654,1.01636229950762,0.8108361228248,1.35838704471285,0.00490317530916382,2.20051095391307,3.66338756889564,0.0957090708726689,3.10384550785609,NA,0.776795189676003,10.153164721435,5.17130352694027
"68","Maldives",8.72747099183249,NA,3.77223207583678,2.01459904166119,NA,NA,NA,NA,NA,0.154005323894916,2.56976476223204,2.7213143540038,NA,NA,0.347457464980192,1.58677142122121,0.00098489148743173,0.928746673376483,3.35804524336964,0.665408020653325,0.684224788118961,0.769363663483061,NA,1.3906356924337,2.011142876831,0.200989048832605,4.02621469179446,2.99815134402985,NA,10.5211102916971,4.62322272919723
"69","Mauritania",7.14065808422659,NA,0.198538530307199,2.7372807617657,NA,NA,0.179672106785503,0.103720716038149,NA,NA,NA,2.74418254185257,NA,NA,0.151893973761833,3.87408554436455,0.00847188664979191,0.00273879544957501,2.22772282484979,0.506808341944208,0.426480285324932,0.182294395797915,0.294190518549829,1.95937073605951,0.529593662886945,NA,NA,0.499154660472805,NA,8.65471971790391,3.3529648803104
"70","Mexico",7.75775199273999,1.02654131098651,-0.0827243876279996,3.99454895975573,NA,2.91629528732609,1.38340420560537,1.33473394109949,NA,1.69064705250463,1.91421252696877,0.503100132672971,2.07134656812659,0.86430933257807,0.560109028246758,1.8062185326667,0.234921191842332,0.0424286604923204,3.21538319054674,1.10745213534462,1.02836010763897,0.878450120294172,0.122579382729095,1.28841146719079,2.85805505673698,0.660392589021415,1.56656353462548,2.74916861809119,0.564198611448886,10.0051866116557,4.99075926415433
"71","Moldova",8.19853335596386,NA,-0.0496346325767998,2.11854641236116,NA,NA,NA,NA,NA,1.23447938425893,2.64843103046364,0.388759193429114,NA,NA,1.49235829221001,1.0634744631589,0.00735005942057151,0.07896147151252,4.1262255278006,1.75460988747032,1.65522900917126,0.262979244950248,0.00980635061832763,3.44487712095177,1.25176683955096,0.564683518148746,3.26489409552787,2.7220045901733,2.37126952637938,9.58524873255224,4.51360656964862
"72","Montenegro",7.66959572009522,0.361458208093842,-0.132359020204799,NA,NA,NA,NA,NA,NA,NA,NA,2.76705072970134,NA,NA,1.65944166334802,1.47704786549847,0.00114435680738841,0.0295526820718889,4.29083558875009,2.38416339827291,2.23592761195744,0.831469258102195,0.0490317530916381,3.26612387045896,2.20591079417372,4.21119911839743,3.50646697703554,NA,1.57852959333634,10.249150522373,5.24867963956282
"73","Mozambique",7.05250181158181,NA,-0.0330897550511998,1.83640354903268,NA,NA,1.238530253889,1.22381252542501,NA,NA,NA,0.708913823311914,NA,NA,0.123413853681489,4.12729374987858,0.056948788193102,0.0240916938031164,1.942398719204,0.510038477966796,0.445043601315637,0.0575670753379232,3.08409726946404,2.78238453432558,0.722173176664016,0.488116261450611,2.13023359147671,0.382643513078432,0.28618770145958,8.11213331537974,2.81778010133778
"74","Namibia",7.84590826538477,NA,-0.330897550511998,2.5739348935229,NA,NA,0.6192651269445,0.528255581830927,NA,2.07663507948176,2.85820774574789,0.708913823311914,NA,NA,0.184171443186222,2.88657354285986,0.00462966159646999,0.00196549601160921,2.41428089392588,0.573672157611799,0.496211715905403,0.483489595570118,0.657025491427951,2.05604607991239,0.862231004865522,0.928377987464888,2.50357349926128,1.39575535154151,NA,8.49341024688321,4.17186207223236
"75","Nepal",8.02222081067431,NA,0.248173162883999,1.01967420781869,NA,NA,NA,NA,NA,NA,NA,1.87519140359926,NA,NA,0.383532283748628,1.62897278880688,0.0530885558756447,0.130541374156358,2.74350101582487,0.938193007760963,0.764427832848036,0.123778461903349,0.735476296374572,2.19928817609916,1.58878098866083,0.909236173290354,2.7671075518151,1.49533592393176,0.122651872054106,9.43593748664878,3.70115738711187
"76","Netherlands",8.19853335596386,0.361458208093842,0.148903897730399,4.56378456120791,3.67817022133202,0.220097757534045,0.575944974715584,1.22902154218321,0.343293084938436,3.54943282888188,2.98931819280054,3.54456911655957,1.07403155384342,0.108038666572259,2.42270888150123,1.40108540384426,0.0312204982331138,0.32473723317992,4.74076975534537,3.0329362184099,2.82757381135352,2.45613527104133,NA,0.922235893152069,1.15766548622807,2.33530132929312,1.9984665651998,NA,1.35734738406544,10.9690440294075,6.00309673763266
"77","New_Zealand",8.19853335596386,0.361458208093842,0.529436080819197,4.29154144746991,4.16271959180689,1.21053766643725,1.03542265491408,1.94097156792808,0.0572322102758023,0.875783439997354,0.49821969880009,1.32635489522874,NA,NA,1.59868407384329,1.60365196825548,0.00878632230633766,0.0116256726404669,4.1591475399905,2.4746072069054,2.31327476191871,1.82849305266641,NA,1.0861387179187,1.76823008104401,1.4164942489155,1.25910713997936,NA,1.06707128687072,10.9703771655316,5.91282460623969
"78","Nicaragua",8.63931471918772,2.48683247168564,-0.545980958344797,2.92042612918944,NA,NA,NA,NA,NA,0.816813046986959,2.43865431517939,0.548836508370514,NA,NA,0.364545537028399,2.04254619114645,0.012070231069245,0.0329926193735585,2.99590310928075,0.879404532149844,0.837491140657609,0.269641016399516,0.156901609893242,1.15544913759132,2.51009888979887,NA,NA,NA,0.367955616162317,9.92919785257984,4.2427901754697
"79","Nigeria",5.02490754075204,1.82174936879297,-0.0496346325767998,2.5739348935229,NA,NA,1.74487891846633,1.16528769008296,NA,0.40109614419467,3.17287281867426,2.37829153627223,NA,NA,0.119616504337443,4.57462824628668,0.375595466141378,0.133835080598165,1.9862947354572,0.444305209907111,0.344373310750656,0.27050292412399,NA,1.52647365813348,0.529593662886945,0.0574254425236013,0.790602157661458,1.312792404525,NA,7.29092146291073,3.43034099293295
"80","North_Macedonia",8.02222081067431,NA,-0.0827243876279996,NA,NA,NA,NA,NA,NA,2.18580341034398,2.93687401397948,0.4802319448242,NA,NA,1.68602310875634,1.26604102757012,0.00379601072087926,0.0527452795837948,4.29083558875009,2.14158018297648,1.9420084421046,0.664353710983628,0.245158765458191,2.7212119118283,2.20591079417372,NA,NA,NA,1.74983337463857,10.1051718209661,4.88114310460572
"81","Norway",8.46300217389818,0.361458208093842,0.876878508856796,4.10839608004617,5.50624284630541,0.385171075684578,0.639859953413984,1.16804540483729,0.21167340170707,1.17453427400869,0.524441788210621,2.58410522691117,2.30149618680732,0.108038666572259,1.92905346677528,1.41796595087853,0.00987774325974183,0.00923489386611188,4.35667961312989,2.71670590179844,2.57339917701924,3.28346088622309,0.00980635061832763,0.96402116258604,1.16204229335937,1.87589778910431,1.51532080218446,NA,1.47182246464927,10.9850416628971,6.14495294410733
"82","Oman",8.72747099183249,1.12774960925279,3.07734721976158,4.27174194828897,NA,NA,NA,NA,NA,1.98160014859724,1.83554625873717,3.33875542592063,NA,NA,0.212651563266566,2.47300014052029,0.00930449167193594,0.00956566934824754,3.36901924743294,0.38034851665985,0.364126582894612,1.92349372801936,NA,2.24604888629318,2.7595768962828,0.0478545354363344,1.14198089439988,3.04812940000321,0.654143317621897,10.3797978625385,5.29381570525931
"83","Pakistan",6.61172044835795,1.7783743838217,-0.181993652781599,1.84135342382792,NA,NA,1.44163785286392,0.968570704273527,NA,0.355771792542053,0.393331341157966,2.0810050942382,NA,NA,0.237334334002864,2.99629709858261,0.402475619731403,0.16319938667154,2.57889095487537,0.725973071076868,0.661615621207204,0.255111917440975,0.196127012366553,3.56739945790559,1.82731697731652,0.267985398443473,2.68658325797921,1.86539886186849,0.245303744108211,8.96800670707634,3.62378127448932
"84","Panama",7.75775199273999,0.997624654339005,0.446711693191198,3.38571435994166,NA,NA,NA,NA,NA,0.0536094481912682,0.576885967031683,3.11007354743291,NA,NA,0.611373244391377,2.08474755873212,0.00786169857928307,0.035205877715416,3.25927920679994,1.27881085134297,1.19709589016987,1.12828519644022,0.107869856801604,1.08233545726992,1.82294017018523,0.229701770094405,0.724718644523003,NA,0.940331019081477,10.4664517106075,5.08747940493251
"85","Peru",7.4051269021609,0.968707997691498,0.512891203293597,3.87575196467006,NA,2.86127084794258,0.0312473229192179,0.0165462885260267,NA,0.940114777826876,0.0262220894105311,1.39495945877506,NA,NA,0.670232159224087,1.91594208838944,0.0600761651274275,0.0160464422598206,3.19343518242014,1.15493513487668,1.06025093254608,0.62004182383993,0.171611135820734,0.723167665047464,1.30210012156088,0.45940354018881,NA,NA,0.654143317621897,10.230486616635,4.83600703890923
"86","Philippines",5.73015772191022,2.09645760694429,-0.0992692651535995,2.34624065294203,NA,2.476099772258,2.76041691334091,4.25530707231844,NA,0.917696281310527,1.49465909640027,2.12674146993574,2.45492926592781,0.108038666572259,0.347457464980192,2.1775905674206,0.199661594843755,0.224692975338846,2.76544902395146,0.775717165824738,0.633294664759846,0.385055781124635,NA,3.1238768624242,1.54720132091351,0.746530752806817,2.98671926227662,2.45549668493277,0.408839573513686,9.49592861223499,4.50715856026341
"87","Poland",8.3748459012534,0.361458208093842,-0.132359020204799,2.96992487714181,4.64726896228177,2.14595313595693,0.499957166707486,0.796366738502656,NA,2.10538923805708,2.38621013635833,2.99573260818906,1.15074809340366,2.05273466487292,2.3372685212602,1.19851883943304,0.0689581921343599,0.0791990168394591,4.58713369845918,2.70733850733294,2.42798653509205,1.3790749075968,NA,1.91707105664865,1.29334650729828,2.23002135133318,2.42304920542539,NA,2.7065179766606,10.4957807053385,5.57752811820865
"88","Portugal",8.72747099183249,0.361458208093842,-0.0992692651535995,3.2817669892417,4.97764353306009,2.03590425718991,0.865692878148332,1.17754420010223,0.194305263505005,1.30807053586694,1.65199163286346,1.48643221017014,1.30418117252415,0.108038666572259,3.31128862800795,1.0887952837103,0.0185788521967498,0.0717559299286999,5.06998987724435,3.47271923788539,3.5517811262217,1.4155806267035,0.0245158765458191,1.07808525024777,2.1555775121638,1.5600578552245,2.19611710461516,NA,1.38596615421139,10.9383818985523,5.46146394927483
"89","Puerto_Rico",NA,NA,-5.19509154303837,4.63308280834122,NA,NA,NA,NA,NA,NA,NA,0.251550066336486,NA,NA,2.51004791641429,1.02971336909036,0.00521257730741402,0.24024772431441,4.1920695521804,2.44973515953147,2.33921580605957,1.77573614195426,NA,0.911551344943625,2.82304059968661,NA,NA,NA,NA,10.6784203543454,NA
"90","Qatar",8.63931471918772,NA,2.43209699626319,4.91027579687445,NA,0.770342151369156,NA,NA,NA,1.8388040729605,0.655552235263277,1.16627758028734,NA,NA,0.235435659330841,1.58677142122121,0.00524941904381169,0.14515935164101,3.50070729619253,0.211089389076188,0.146840589311095,5.92520263997652,NA,1.49001801337807,3.61524269045138,0.0765672566981351,1.96918500380493,NA,0.490607488216423,10.6957511239592,5.51949603374174
"91","Romania",7.58143944745045,0.361458208093842,-0.628705345972797,2.6828321390181,NA,2.80624640855907,0.530494323196722,0.977609880412745,NA,1.64386062499225,2.20265551048461,1.50930039801891,0.0767165395602441,0.972347999150329,2.35245791863638,1.36732430977572,0.0350519094533239,0.0543602046693568,4.71882174721877,2.88289640016065,2.78211748629936,1.18129490301583,0.279480992622337,3.12816923419855,2.13150507294167,2.19173772298412,2.71586481937408,NA,2.81772234065632,10.1385002240695,5.22933561140718
"92","Russia",8.55115844654295,0.361458208093842,0.215083407832799,3.70250634683679,NA,2.75122196917556,0.655483614873593,1.05957529116667,NA,1.07023952934568,0.0262220894105311,0.891859326102086,1.38089771208439,1.94469599830066,1.60438009785936,1.53612978011841,0.2658990557199,0.0056340387623223,4.34570560906659,2.28984342641331,2.23545162949614,1.25490694042137,0.00490317530916382,3.63710622624892,1.35243340357079,2.23959225842045,4.26778757330213,NA,3.29115856678517,9.67590198899362,5.26157565833325
"93","Saudi_Arabia",8.46300217389818,0.693999759540177,0.678339978549596,4.17274445238424,NA,1.32058654520427,0.262051412663441,0.181702761035812,NA,1.38750999091401,0.681774324673808,3.31588723807186,0.997315014283174,1.18842533229485,0.269611803427253,1.97502400300938,0.0634324090503243,0.0097840577939819,3.50070729619253,0.532164909721531,0.439093820549386,2.48516276254565,NA,2.18867109149424,3.8778511183292,0.172276327570804,1.85937914857417,NA,1.10386684848695,10.0158517006488,5.5001520055861
"94","Senegal",7.14065808422659,1.35908286243285,-0.215083407832799,2.38088977650868,NA,NA,1.16964411018072,0.642087918634981,NA,0.593602799063315,1.1799940234739,1.53216858586769,NA,NA,0.138603251057672,3.92472718546736,0.0305081827557392,0.0525715905275383,2.052138759837,0.485812457797379,0.427432250247532,0.125185889825453,1.86320661748225,2.03418787236994,0.529593662886945,0.0382836283490675,1.21518479788706,0.652781634031488,NA,9.05732682739359,3.25624473953222
"95","Serbia",8.46300217389818,0.66508310289267,0.0827243876279996,NA,NA,NA,NA,NA,NA,NA,NA,2.78991891755011,NA,NA,2.35435659330841,1.23227993350158,0.0123982755749081,0.0512708382937345,4.52128967407938,2.80472710841399,NA,0.711865905591762,NA,3.70556491792702,2.20591079417372,3.60823197189962,2.94279692018432,3.05811249321267,2.29318116783826,10.1318345434488,5.07458338616209
"96","Singapore",8.46300217389818,NA,0.777609243703196,4.94987479523634,NA,0.0550244393835111,2.34141871965139,3.32687643835806,NA,5.17964741251635,3.30398326572691,2.21821422133083,0.613732316481953,3.02508266402324,2.06006201914486,1.02127309557323,0.0106595843047456,5.05469061386334,4.65297772283897,2.08699088419473,1.67760018485237,4.33413329356503,NA,0.777880647507121,2.40505551864774,0.497687168537878,2.07167046868697,NA,0.981214976432845,11.147684270042,6.00954474701787
"97","Slovakia",8.46300217389818,0.881958027748975,0.0496346325767998,2.66303263983715,3.74424513548768,3.13639304486014,NA,NA,0.120468762489521,4.20736696577471,3.22531699749532,0.3201546298828,0.0767165395602441,0.108038666572259,2.0391765977526,1.26604102757012,0.00994771158414375,0.0722393218977669,4.52128967407938,2.43390749302078,2.18166561136922,1.52798109591342,0.0343222271641467,2.42834397597111,1.59534619935778,2.21087953715865,2.75978716146639,NA,2.37944631784965,10.3371375065661,5.51304802435653
"98","South_Africa",6.52356417571318,0.824124714453961,0.413621938139998,3.3362156119893,NA,3.24644192362716,0.96085517976595,1.03383662012619,NA,1.2573852393952,1.20621611288443,2.2410824091796,0.153433079120488,0.108038666572259,0.362646862356376,2.03410591762932,0.108063062466427,0.0298553607949243,2.99590310928075,0.86309234523577,0.726587227174674,0.622989335440909,0.926700133431961,1.6897946093197,1.20799876823799,0.775243474068618,2.43036959577411,1.37675930897681,0.948507810551751,8.54940196409701,4.50715856026341
"99","Spain",8.19853335596386,0.361458208093842,0.148903897730399,3.99949883455097,5.21991821829753,1.9808798178064,0.462318345918428,0.706281389860955,1.40442121421896,1.13115935683576,1.07510566583177,0.754650199009457,2.83851196372903,0.648231999433552,2.63346177009578,1.12255637777884,0.085189287369747,0.0594533808189978,4.99317184880126,3.13904618675195,3.28404099174036,1.73660269370684,0.0490317530916381,0.83826057266297,1.56908535657,2.62242854191113,2.2986025694972,NA,1.21425353333565,11.1396854532971,5.74517636222417
"100","Sudan",8.19853335596386,1.79283271214546,-0.198538530307199,1.74730580271843,NA,NA,0.407635530809797,0.208054257577262,NA,0.157904192854281,3.14665072926373,NA,NA,NA,0.174678069826108,3.73904116809041,0.0798953120538349,0.0148516914353499,2.16187880046999,0.573026130407281,0.484074163142249,0.22632080451012,NA,3.63787362473903,3.42922838737125,NA,NA,0.733460048746152,0.327071658810949,8.70671202674529,3.23690071137658
"101","Suriname",8.3748459012534,1.17112459422405,-0.281262917935199,3.27186723965122,NA,NA,2.33786788750148,3.04252540591078,NA,2.19360114826271,2.12398924225302,1.98953234284311,NA,NA,0.50884481210214,2.05098646466359,0.00106887315479283,0.00230648849705408,3.24830520273664,1.11972665223046,1.00646491441916,0.697588842436956,NA,2.17834916015475,2.74425807132326,0.70824712445775,3.14044745959968,2.12114129982359,1.26740267789243,9.5559197378212,4.64256675735286
"102","Sweden",8.55115844654295,0.361458208093842,0.661795101023997,4.35588981980798,5.74851753154285,0.330146636301067,0.504218165287379,0.819807313914527,0.341759128968895,1.32512808756417,1.41599282816868,2.92712804464274,2.6083623450483,0.108038666572259,2.19107057151444,1.56145060066981,0.0184013176631504,0.0157839929873153,4.49934166595278,3.22771342057202,3.19693620132244,2.37895059824899,0.0245158765458191,1.12986356595405,1.04824530794565,1.79933053240617,1.38355377590755,NA,0.907623853200382,11.0383671078627,6.01599275640309
"103","Switzerland",8.46300217389818,0.361458208093842,1.00923752906159,3.65795747367966,3.52399542163546,0.165073318150533,0.969377176925736,1.71820949832768,0.422896008190438,1.55467399754678,1.15377193406337,3.22441448667677,0.230149618680732,0.108038666572259,2.42460755617326,1.29980212163865,0.0157690976745071,0.136807589998438,4.72979575128207,2.9775393856225,3.00916112033953,2.90901031973745,NA,0.841094044011066,1.22331759319753,2.16302500172232,2.11559281077927,NA,1.852043268017,11.1690144480282,6.08692085964042
"104","Tajikistan",8.46300217389818,NA,-0.363987305563198,1.36121556868999,NA,NA,NA,NA,NA,0.630154695557362,0.0262220894105311,3.201546298828,NA,NA,0.161387347121947,3.04693873968541,0.0173780065489293,0.0410474493574566,2.55694294674878,0.559782572714666,0.512871102050908,0.146788459249213,0.235352414839863,3.60675603761262,1.55595493517611,NA,NA,2.2752689927909,1.96242995286569,9.47859784262119,4.191206100388
"105","Tunisia",8.55115844654295,0.361458208093842,-0.0496346325767998,3.4451128574845,NA,NA,0.495696168127593,0.716086597876378,NA,1.571731549244,2.49109849400045,2.35542334842346,2.68507888460854,0.108038666572259,0.693016255288362,1.8568601737695,0.0215340459416797,0.0473992326022509,3.58849932869893,1.29221591583671,1.20780549554912,0.54974091060626,0.0980635061832763,2.69003529404881,1.86451983793255,0.105279977959936,4.81681684945592,2.46250675665352,0.940331019081477,10.2251540721385,4.73928689813105
"106","Turkey",8.63931471918772,0.361458208093842,0.579070713395997,3.76685471917486,NA,2.53112421164151,0.387750870770295,0.633508361621486,0.415445364909812,0.805116440108864,0.786662682315932,3.27015086237431,1.9179134890061,2.59292799773421,0.712003002008591,1.75557689156389,0.153669519012832,0.0669941678239014,3.46778528400263,1.31676494960839,1.20447361832002,1.27331999522874,0.00980635061832763,1.44443791624576,2.65453352513167,1.34949789930463,3.00868043332277,NA,1.14883920157346,10.3571345484281,5.10037542370294
"107","Uganda",8.19853335596386,NA,0.661795101023997,1.23746869880909,NA,NA,1.64474545183883,2.50186010768534,NA,0.500029944038556,0.550663877621152,1.7608504643554,NA,NA,0.0816430108969851,4.22857703208418,0.0833421298004868,0.136498525648334,1.79973666638111,0.350146744848643,0.311292529690296,0.0860239140031489,2.03972092861215,1.79902661637888,0.547100891412133,0.325410840967074,1.22250518823577,0.664141705614662,0.204419786756843,8.44808361866252,3.32717284276955
"108","Ukraine",4.40781363223863,0.506041491331379,0.0330897550511998,3.4451128574845,NA,3.02634416609311,0.607902464064784,0.956620607004729,NA,1.89826182459082,2.3599880469478,0.617441071916829,0.690448856042197,1.40450266543936,2.01259515234428,1.21539938646731,0.0796848477130192,0.0494183678812335,4.54323768220598,2.65872496019297,2.64955637082727,0.400014009802081,0.00490317530916382,4.55251986249441,1.55595493517611,1.29207245678103,3.46986502529195,NA,3.59778824692043,9.60657891053845,4.84245504829445
"109","United_Arab_Emirates",8.72747099183249,NA,0.694884856075197,4.30639107185562,NA,0.4952199544516,NA,NA,NA,NA,NA,2.51550066336486,0.920598474722929,0.108038666572259,0.161387347121947,1.19851883943304,0.0180207472634777,0.0718012678808845,3.73116138152182,0.184763780492088,0.125183387321939,3.40980439767543,NA,2.68032896809149,3.77718455430937,0.114850885047203,2.73782599042023,NA,0.490607488216423,10.394462359904,5.56463209943822
"110","United_Kingdom",8.28668962860863,0.361458208093842,0.645250223498397,4.15294495320329,NA,NA,NA,NA,NA,0.740785102279342,0.73421850349487,1.89805959144803,1.99463002856635,2.16077333144517,2.00310177898417,1.47704786549847,0.123691308825875,0.174262485567294,4.47739365782618,2.99062143651399,2.98131614635347,2.01432263824217,0.00980635061832763,1.02997526798323,0.936636726097572,1.91418141745338,1.80813641613315,NA,1.03845251672476,10.8410629614902,5.94506465316575
"111","United_States_of_America",8.28668962860863,0.361458208093842,0.479801448242398,4.09354645566046,NA,NA,NA,NA,NA,0.378190289058401,0.0786662682315932,1.30348670737997,2.76179542416879,2.37685066458969,1.71830057818073,1.50236868604987,0.603101496919147,0.0227379408646461,4.20304355624369,2.48930432580818,2.31613065668651,2.74763849326556,0.0588381037099658,1.27412604914415,2.36128744733477,1.82804325366798,1.80081602578443,NA,1.13248561863291,10.5131114749523,5.95796067193618
"112","Uzbekistan",8.63931471918772,0.375916536417596,-0.0496346325767998,2.49473689679912,NA,NA,0.50137749956745,0.628146138488051,NA,NA,NA,2.78991891755011,NA,NA,0.315179995555803,2.05098646466359,0.0609823643421946,0.0486163331214605,3.09466914585045,0.721773894247503,0.683748805657661,0.316848832424409,NA,6.1089726594448,1.65662149919594,0.12442179213447,1.80813641613315,NA,1.63535829405474,9.56125228231775,4.57808666350074
"113","Zambia",7.93406453802954,NA,-0.0827243876279996,2.20764415867541,NA,NA,2.13831112067648,2.0468371732196,NA,1.51568530795313,1.88799043755824,1.71511408865786,NA,NA,0.0911363842570996,3.93316745898449,0.0334963828337474,0.0146837494434548,1.942398719204,0.400536866801031,0.366982477662413,0.186936739237119,2.81932580276919,1.97751844540802,0.862231004865522,0.296698119705273,1.80813641613315,0.436189194838242,0.817679147027371,8.5174066971177,3.79142951850484
"114","Zimbabwe",7.84590826538477,NA,-1.35667995709919,1.5938596840661,NA,NA,1.358548380556,1.24939799009026,NA,0.787084171171801,1.1013277552423,2.05813690638943,NA,NA,0.136704576385649,3.06381928671968,0.0270809119006834,0.0272851458999512,2.15090479640669,0.455772192787302,0.447899496083438,0.0962628305269003,1.04927951616106,2.59605006138653,0.398289448948033,0.15313451339627,2.24735983705618,1.15137298516959,0.695027274973266,8.19745402732458,3.44968502108859
"115","Thailand",8.55115844654295,1.34462453410909,0.0496346325767998,2.54423564475148,NA,1.59570874212182,2.44581318485878,2.28645194409651,NA,2.5289038787681,2.54354267282151,2.81278710539889,1.76448040988561,0.108038666572259,1.48666226819394,1.29136184812152,0.127178654304609,0.0862902556987575,4.40057562938309,1.83681684924521,1.63975957917901,0.824800139408951,0.00490317530916382,0.926452368372449,1.54063611021657,0.181847234658071,2.84031145530227,2.83751429875042,0.85856310437874,10.2851451977247,4.86824708583529
"116","Andorra",NA,NA,NA,NA,NA,NA,NA,NA,NA,NA,NA,NA,NA,NA,NA,NA,0.000140780255329674,0.104567836056227,NA,NA,NA,NA,NA,0.920330046352457,1.74415764182188,2.7755630553074,2.7671075518151,NA,NA,11.1623487674075,5.53239205251216
"117","Anguilla",NA,NA,NA,NA,NA,NA,NA,NA,NA,NA,NA,NA,NA,NA,NA,NA,2.73343090720995e-05,NA,NA,NA,NA,NA,NA,NA,NA,NA,NA,NA,NA,10.915718584442,NA
"118","Antigua_and_Barbuda",NA,NA,NA,NA,NA,NA,NA,NA,NA,NA,NA,NA,NA,NA,NA,NA,0.000178429157366522,0.148047570763982,3.52265530431913,1.11972665223046,1.10213738914049,1.08896001046033,NA,1.61500277186059,2.88212749595912,NA,NA,NA,1.55359037935201,10.2678144281109,5.0294473204656
"119","Aruba",NA,NA,NA,NA,NA,NA,NA,NA,NA,NA,NA,NA,NA,NA,NA,NA,0.000194532385174762,0.373431470951613,4.52128967407938,2.11331649277883,1.77351065080435,1.8228147984971,NA,NA,2.5429249432836,NA,NA,NA,NA,10.1704954910488,NA
"120","Barbados",NA,NA,NA,NA,NA,NA,NA,NA,NA,NA,NA,NA,NA,NA,NA,NA,0.000523602701796981,0.424301291865461,4.36765361719319,2.41484969048751,2.25449092794815,0.86028970933831,NA,1.43402322245142,2.96966363858506,0.181847234658071,1.06145660056399,2.76863408510148,2.37126952637938,10.5571049670488,5.15840750816985
"121","Belize",NA,NA,NA,NA,NA,NA,NA,NA,NA,NA,NA,NA,NA,NA,NA,NA,0.000724483089425229,0.0104890310223174,2.74350101582487,0.622285704751763,0.542382014651517,0.396465493643783,NA,1.49226961114575,3.74435850082464,NA,NA,2.8191441554465,0.531491445567791,9.94786175831777,4.56519064473032
"122","Benin",NA,NA,NA,NA,NA,NA,NA,NA,NA,NA,NA,NA,NA,NA,NA,NA,0.02208900420439,0.0632879498734856,2.0631127639003,0.523928062863929,0.462178969922443,0.104596175986907,2.43197495334525,1.98889449555261,0.216651952999205,0.0574254425236013,0.900408012892216,0.345339917135887,0.204419786756843,8.23478183880044,3.32072483338434
"123","Bermuda",NA,NA,NA,NA,NA,NA,NA,NA,NA,NA,NA,NA,NA,NA,NA,NA,0.000113464166700897,0.835763641947486,NA,NA,NA,2.56744703070581,NA,1.17679293515688,2.84492463534309,NA,NA,NA,NA,11.0103712492558,NA
"124","Bhutan",NA,NA,NA,NA,NA,NA,NA,NA,NA,NA,NA,NA,NA,NA,NA,NA,0.00140591127127989,0.0135298666322209,3.13856516210365,0.788960723517353,0.708499893645269,0.441270254181717,0.0735476296374572,1.83050682037424,2.13369347650732,NA,NA,2.49755711525725,0.695027274973266,9.56925109906258,3.94618174374993
"125","Bonaire_Sint_Eustatius_and_Saba",NA,NA,NA,NA,NA,NA,NA,NA,NA,NA,NA,NA,NA,NA,NA,NA,4.77758244353767e-05,NA,NA,NA,NA,NA,NA,NA,NA,NA,NA,NA,NA,10.3704659096695,NA
"126","Bosnia_and_Herzegovina",NA,NA,NA,NA,NA,NA,NA,NA,NA,NA,NA,NA,NA,NA,NA,NA,0.0059777903758419,0.0437389911667265,4.66395172690227,2.67600618791382,2.54912407149294,0.593550651627116,0.00980635061832763,2.77979561854027,2.20591079417372,2.8904139403546,3.49182619633811,3.04074378872599,1.4309385072979,10.3184736008281,4.95207120784305
"127","Botswana",NA,NA,NA,NA,NA,NA,NA,NA,NA,NA,NA,NA,NA,NA,NA,NA,0.00428476500277803,0.00258234758640274,2.83129304833126,0.636498303251154,0.533576339117465,0.800969885611364,NA,2.00174631202433,1.05262211507694,0.545541703974213,2.51821427995872,NA,0.735911232324634,9.27729428787636,4.62322272919723
"128","British_Virgin_Islands",NA,NA,NA,NA,NA,NA,NA,NA,NA,NA,NA,NA,NA,NA,NA,NA,5.50931544736084e-05,0.132803801826641,NA,NA,NA,NA,NA,NA,2.99154767424154,NA,NA,NA,NA,10.5411073335592,NA
"129","Brunei",NA,NA,NA,NA,NA,NA,NA,NA,NA,NA,NA,NA,NA,NA,NA,NA,0.000797113420596541,0.0519451605121424,3.55557731650903,0.741477723985295,0.566895111408475,3.63862128898245,NA,1.69742642946859,2.79896816046447,0.191418141745338,2.26200061775362,NA,1.10386684848695,10.1131706377109,5.5001520055861
"130","Burkina_Faso",NA,NA,NA,NA,NA,NA,NA,NA,NA,NA,NA,NA,NA,NA,NA,NA,0.0380866992049072,0.0447958124465229,1.93142471514071,0.38906988392084,0.3231920912228,0.0862972821497414,2.14268761010459,2.26886845018588,0.529593662886945,0.15313451339627,1.74957329334341,0.371690276014765,0.163535829405474,8.20945225244182,2.72750796994481
"131","Burundi",NA,NA,NA,NA,NA,NA,NA,NA,NA,NA,NA,NA,NA,NA,NA,NA,0.0216655301268263,0.270151615875053,1.92045071107741,0.413780424493646,0.35793881089771,0.035582195874118,3.51557669667046,2.47142791977296,1.32398415721736,NA,NA,0.192276252911907,0.327071658810949,8.20945225244182,2.68881991363353
"132","Cambodia",NA,NA,NA,NA,NA,NA,NA,NA,NA,NA,NA,NA,NA,NA,NA,NA,0.0304627063512511,0.0578997577532911,2.80934504020466,0.712568006583124,0.567609085100425,0.184698059332652,NA,2.28441881079864,0.875361426259413,0.191418141745338,2.4669715475177,2.07263410711307,0.327071658810949,9.30795641873153,3.75274146219356
"133","Cayman_Islands",NA,NA,NA,NA,NA,NA,NA,NA,NA,NA,NA,NA,NA,NA,NA,NA,0.00011974475351409,0.16378878004994,NA,NA,NA,2.52861882244265,NA,NA,2.89306951378736,NA,NA,NA,NA,11.1876783537661,NA
"134","Chad",NA,NA,NA,NA,NA,NA,NA,NA,NA,NA,NA,NA,NA,NA,NA,NA,0.0299286432929428,0.00755611250986737,1.83265867857101,0.401505907607808,0.344135319520006,0.0895934584804149,1.8828193187189,2.36961690910165,1.33492617504561,NA,NA,0.182074094961177,NA,7.23093033732452,2.60499579162577
"135","Comoros",NA,NA,NA,NA,NA,NA,NA,NA,NA,NA,NA,NA,NA,NA,NA,NA,0.00158444064108468,0.279276676955591,2.23869682891309,0.478544651746554,0.410772864102027,0.0716427226664626,0.887474730958651,2.20535146746607,2.59982343599046,0.421119911839743,1.72761212229726,0.487387754370123,0.899447061730108,8.57473155045563,3.24334872076179
"136","Curacao",NA,NA,NA,NA,NA,NA,NA,NA,NA,NA,NA,NA,NA,NA,NA,NA,0.000298997474918779,0.231570934254064,4.57615969439588,2.64338181408567,2.39609571018494,NA,NA,NA,2.5429249432836,NA,NA,NA,NA,10.5157777472006,NA
"137","Cyprus",NA,NA,NA,NA,NA,NA,NA,NA,NA,NA,NA,NA,NA,NA,NA,NA,0.00159592680855505,0.0815169994652361,4.0933035156107,2.16677524395267,2.03791890805658,1.64249574724539,NA,1.19048804667268,2.02208489465924,1.87589778910431,3.85784571377397,NA,1.39005454994653,10.7957363332695,5.6033201557495
"138","Dominica",NA,NA,NA,NA,NA,NA,NA,NA,NA,NA,NA,NA,NA,NA,NA,NA,0.000131170793521498,0.0629412103236792,NA,NA,NA,0.490155775365772,NA,1.91745053941848,2.5429249432836,NA,NA,NA,1.55359037935201,9.99852093103502,4.6103267104268
"139","Equatorial_Guinea",NA,NA,NA,NA,NA,NA,NA,NA,NA,NA,NA,NA,NA,NA,NA,NA,0.00255630086745231,0.0288592029722763,2.45817691017908,0.459648356014409,0.416960636098929,1.14540356551755,NA,1.71030354479163,1.70257797407456,NA,NA,0.771107889282126,0.85856310437874,7.83084159318663,3.81077354666048
"140","Eritrea",NA,NA,NA,NA,NA,NA,NA,NA,NA,NA,NA,NA,NA,NA,NA,NA,0.00646174721501391,0.0282908821632015,2.1179827842168,0.582555031673919,0.516678961741309,0.0765359364844949,NA,2.62357521162517,1.32398415721736,0.0191418141745338,0.834524499753761,NA,0.28618770145958,8.84135877528323,2.83712412949342
"141","Ethiopia",NA,NA,NA,NA,NA,NA,NA,NA,NA,NA,NA,NA,NA,NA,NA,NA,0.209468744817889,0.0670216260202949,2.17285280453329,0.569472980782433,0.490975908831102,0.0876565222854859,1.30914780754674,1.54014347079795,1.63473746353945,0.0382836283490675,0.622233179640962,0.249107905790817,0.122651872054106,8.87868658675909,2.9854283453533
"142","Faroe_Islands",NA,NA,NA,NA,NA,NA,NA,NA,NA,NA,NA,NA,NA,NA,NA,NA,8.90341962943702e-05,0.0225463720525984,NA,NA,NA,NA,NA,NA,NA,NA,NA,NA,NA,10.7544091134213,NA
"143","Falkland_Islands",NA,NA,NA,NA,NA,NA,NA,NA,NA,NA,NA,NA,NA,NA,NA,NA,6.34618040915362e-06,NA,NA,NA,NA,NA,NA,NA,NA,NA,NA,NA,NA,10.8570605949799,NA
"144","Fiji",NA,NA,NA,NA,NA,NA,NA,NA,NA,NA,NA,NA,NA,NA,NA,NA,0.0016333607093607,0.0316484448756906,3.13856516210365,1.00521833022968,0.781563201454841,0.440985383798002,0.0686444543282934,3.48129060095498,3.17099676662472,0.976232522901222,2.54749584135359,NA,0.940331019081477,8.99067002118669,4.77797495444232
"145","French_Polynesia",NA,NA,NA,NA,NA,NA,NA,NA,NA,NA,NA,NA,NA,NA,NA,NA,0.000511819541100456,0.049376222742583,3.58849932869893,1.25571537878146,1.09309372237579,NA,NA,NA,4.95235726906263,NA,NA,NA,NA,10.3531351400557,NA
"146","Georgia",NA,NA,NA,NA,NA,NA,NA,NA,NA,NA,NA,NA,NA,NA,NA,NA,0.00726845369901963,0.0415270099502826,4.24693957249689,2.40063709198811,2.43798216677935,0.493789468883554,0.20593336298488,4.18458180181357,1.55595493517611,0.507258075625145,4.06281664353805,NA,1.06298289113558,9.83454518776604,5.0294473204656
"147","Gibraltar",NA,NA,NA,NA,NA,NA,NA,NA,NA,NA,NA,NA,NA,NA,NA,NA,6.13864955971274e-05,2.20757513376679,NA,NA,NA,NA,NA,NA,NA,NA,NA,NA,NA,10.6557570402351,NA
"148","Greenland",NA,NA,NA,NA,NA,NA,NA,NA,NA,NA,NA,NA,NA,NA,NA,NA,0.000103441100829305,8.74830908351077e-05,NA,NA,NA,NA,NA,1.6860925440762,0.472695170180083,NA,NA,NA,NA,9.55858601006948,NA
"149","Grenada",NA,NA,NA,NA,NA,NA,NA,NA,NA,NA,NA,NA,NA,NA,NA,NA,0.000205014606218075,0.202508668341017,3.22635719461004,1.17964567544949,1.19495396909402,0.688810558015832,NA,2.05733632132983,2.34378021880958,NA,NA,NA,1.51270642200064,9.65190553875914,4.9778632453839
"150","Guam",NA,NA,NA,NA,NA,NA,NA,NA,NA,NA,NA,NA,NA,NA,NA,NA,0.000307530108526608,0.194204798901457,3.44583727587603,1.54255145758736,1.30728582996085,NA,NA,2.61839738005454,4.70944447327564,NA,NA,NA,NA,10.674420945973,NA
"151","Guernsey",NA,NA,NA,NA,NA,NA,NA,NA,NA,NA,NA,NA,NA,NA,NA,NA,0.000122171716564619,NA,NA,NA,NA,NA,NA,NA,NA,NA,NA,NA,NA,NA,NA
"152","Guinea_Bissau",NA,NA,NA,NA,NA,NA,NA,NA,NA,NA,NA,NA,NA,NA,NA,NA,0.00358577960173801,0.0422671041274935,2.1289567882801,0.484843416990603,0.372456275967365,0.0784723659729427,3.29003063244892,3.22538428687964,0.529593662886945,NA,NA,0.20038164833902,NA,7.77484987597283,2.9338442702716
"153","Guyana",NA,NA,NA,NA,NA,NA,NA,NA,NA,NA,NA,NA,NA,NA,NA,NA,0.00143314536791371,0.00252359981737479,2.88616306864776,0.856793579991721,0.675181121354258,0.376738650272026,NA,3.14683135352395,2.5429249432836,NA,NA,2.41468805312985,0.654143317621897,9.31995464384877,4.21699813792885
"154","Hong_Kong",NA,NA,NA,NA,NA,NA,NA,NA,NA,NA,NA,NA,NA,NA,NA,NA,0.0136598444941889,4.4952988271181,4.91635382035816,2.63304537881339,2.41751492094345,2.84033912655917,NA,NA,1.82294017018523,NA,NA,NA,NA,11.3129931494351,6.01599275640309
"155","Isle_of_Man",NA,NA,NA,NA,NA,NA,NA,NA,NA,NA,NA,NA,NA,NA,NA,NA,0.000154932073658097,0.0944255445837156,NA,NA,NA,NA,NA,NA,NA,NA,NA,NA,NA,10.8517280504833,NA
"156","Jamaica",NA,NA,NA,NA,NA,NA,NA,NA,NA,NA,NA,NA,NA,NA,NA,NA,0.00539536661686757,0.17041897663491,3.44583727587603,1.56403186213757,1.52076396385397,0.415173552964496,NA,1.74171628518346,2.46851922205155,0.507258075625145,2.09363163973312,2.07876791986872,0.695027274973266,9.9278647164557,4.71994286997541
"157","Jersey",NA,NA,NA,NA,NA,NA,NA,NA,NA,NA,NA,NA,NA,NA,NA,NA,0.000184159486791382,NA,NA,NA,NA,NA,NA,NA,NA,NA,NA,NA,NA,NA,NA
"158","Jordan",NA,NA,NA,NA,NA,NA,NA,NA,NA,NA,NA,NA,NA,NA,NA,NA,0.018590573407939,0.0697853254154361,2.54596894268548,0.615340912303197,0.561897295564823,0.422466021970878,0.00490317530916382,1.75622095994157,2.57137418963703,NA,NA,NA,0.57237540291916,9.93586353320053,4.73928689813105
"159","Kazakhstan",NA,NA,NA,NA,NA,NA,NA,NA,NA,NA,NA,NA,NA,NA,NA,NA,0.0342119925672747,0.00426623744430186,3.35804524336964,1.12909404669597,1.10070944175659,1.21891223480093,0.00490317530916382,3.93643380214373,1.55595493517611,0.669963496108682,3.15508824029711,3.09817004590265,2.73922514254169,9.81188187365569,5.15840750816985
"160","Kosovo",NA,NA,NA,NA,NA,NA,NA,NA,NA,NA,NA,NA,NA,NA,NA,NA,0.00352159991217958,0.107377511966259,NA,NA,NA,0.496361257628744,0.0294190518549829,NA,NA,NA,NA,NA,NA,NA,NA
"161","Kyrgyzstan",NA,NA,NA,NA,NA,NA,NA,NA,NA,NA,NA,NA,NA,NA,NA,NA,0.0118873652339295,0.0206466479997922,2.88616306864776,0.725004030270092,0.685890726733512,0.17194952694895,0.0686444543282934,3.67981912023137,1.55595493517611,0.344552655141608,3.69679712610219,2.7921366023438,1.83977808081159,9.52525760696603,4.33306230686267
"162","Laos",NA,NA,NA,NA,NA,NA,NA,NA,NA,NA,NA,NA,NA,NA,NA,NA,0.0132563855736147,0.0189748908333228,2.67765699144507,0.650710901750546,0.552615637569471,0.324158377439208,1.11302079518019,3.10426181969899,0.875361426259413,0.698676217370483,3.74803985854321,1.55970966290308,0.613259360270528,9.05466055514531,3.8752536405126
"163","Latvia",NA,NA,NA,NA,NA,NA,NA,NA,NA,NA,NA,NA,NA,NA,NA,NA,0.00343674366353901,0.0199308192054407,4.81758778378846,3.19040534951111,3.36424403646944,1.27000132113031,0.0343222271641467,2.95203863129281,1.07450615073343,2.45015221434032,3.73339907784577,NA,2.27723642447123,10.037181878635,5.46146394927483
"164","Lebanon",NA,NA,NA,NA,NA,NA,NA,NA,NA,NA,NA,NA,NA,NA,NA,NA,0.0124362579110578,0.379664481532938,3.41291526368613,1.37506890481612,1.2922923824299,0.677343182299127,NA,2.24814869095293,2.78146093193929,2.57457400647479,2.9793988719279,NA,1.18563476318969,10.5224434278213,4.88114310460572
"165","Lesotho",NA,NA,NA,NA,NA,NA,NA,NA,NA,NA,NA,NA,NA,NA,NA,NA,0.00390327811480625,0.046973949839505,2.43622890205248,0.727749645889292,0.629962787530744,0.144469770391369,2.92229248426163,3.41640748026376,0.862231004865522,0.0382836283490675,3.94569039795857,0.0662514367536632,NA,7.24292856244177,3.3529648803104
"166","Liberia",NA,NA,NA,NA,NA,NA,NA,NA,NA,NA,NA,NA,NA,NA,NA,NA,0.00921531171209499,0.0313706700982214,2.1070087801535,0.493726291052722,0.417912601021529,0.0381442558548692,1.89262566933723,2.29805489166135,0.529593662886945,0.143563606309003,1.32499065311781,0.0371784160903882,0.327071658810949,8.54540255572459,2.80488408256736
"167","Liechtenstein",NA,NA,NA,NA,NA,NA,NA,NA,NA,NA,NA,NA,NA,NA,NA,NA,6.94873046982175e-05,0.15134702427015,NA,NA,NA,NA,NA,NA,1.70038957050891,NA,NA,NA,0.979988457712304,10.9970398880144,5.90637659685448
"168","Lithuania",NA,NA,NA,NA,NA,NA,NA,NA,NA,NA,NA,NA,NA,NA,NA,NA,0.00496013488722803,0.0288215277725736,4.77369176753527,3.06895223506177,3.27904317589671,1.49601364273469,0.0343222271641467,2.89240923872619,0.803144108593012,2.03860320958785,2.78174833251254,NA,2.68198760224978,10.1225025905799,5.53239205251216
"169","Mali",NA,NA,NA,NA,NA,NA,NA,NA,NA,NA,NA,NA,NA,NA,NA,NA,0.0368979173126104,0.00970359889292187,1.79973666638111,0.406835632045079,0.353654968746009,0.102066190526414,NA,2.26023310893454,0.529593662886945,0.15313451339627,1.68368978020496,1.63459850945552,0.0408839573513686,7.90683035226249,2.75330000748566
"170","Malta",NA,NA,NA,NA,NA,NA,NA,NA,NA,NA,NA,NA,NA,NA,NA,NA,0.000804503632408062,0.92849380254458,4.65297772283897,3.13743111874065,2.69501269588143,1.85015374132356,0.00980635061832763,1.42273150181124,1.93236034846765,2.00031958123878,2.21075788531259,NA,1.83364548720888,11.0023724325109,5.66135224021641
"171","Marshall_Islands",NA,NA,NA,NA,NA,NA,NA,NA,NA,NA,NA,NA,NA,NA,NA,NA,0.000107854092201964,0.188471782919577,NA,NA,NA,0.1935214406306,NA,4.70384072520343,6.68119608592497,NA,NA,2.58189704064748,1.10386684848695,9.82521323489708,4.56519064473032
"172","Mauritius",NA,NA,NA,NA,NA,NA,NA,NA,NA,NA,NA,NA,NA,NA,NA,NA,0.00231721585426588,0.397800300969492,4.104277519674,1.76769193836181,1.40034040114503,1.02824654122757,0.0245158765458191,1.89441171881432,4.81886465155807,0.30626902679254,2.9793988719279,NA,1.39005454994653,9.99718779491088,5.09392741431773
"173","Monaco",NA,NA,NA,NA,NA,NA,NA,NA,NA,NA,NA,NA,NA,NA,NA,NA,7.1504307773995e-05,12.3545919703084,NA,NA,NA,NA,NA,NA,1.1948683468441,NA,NA,NA,5.64198611448886,11.5649558768972,NA
"174","Mongolia",NA,NA,NA,NA,NA,NA,NA,NA,NA,NA,NA,NA,NA,NA,NA,NA,0.00597319335799168,0.00126435415951469,3.13856516210365,0.651033915352805,0.576176769403828,0.599983341076246,0.0245158765458191,3.87951981961903,1.05481051864259,0.526399889799679,3.4039815121535,2.22757546911939,2.8618770145958,9.31462209935222,4.77797495444232
"175","Montserrat",NA,NA,NA,NA,NA,NA,NA,NA,NA,NA,NA,NA,NA,NA,NA,NA,9.10839961681279e-06,NA,NA,NA,NA,NA,NA,NA,NA,NA,NA,NA,NA,9.88653749660742,NA
"176","Morocco",NA,NA,NA,NA,NA,NA,NA,NA,NA,NA,NA,NA,NA,NA,NA,NA,0.0672526730033099,0.0511361015625943,3.24830520273664,1.09323953684523,1.00170508980616,0.379270459875851,0.0490317530916381,3.53463744544323,1.56252014587305,0.0765672566981351,3.4479038542458,NA,0.449723530865054,10.2224877998902,4.30082225993661
"177","Myanmar",NA,NA,NA,NA,NA,NA,NA,NA,NA,NA,NA,NA,NA,NA,NA,NA,0.0991370567754476,0.0521839829644951,3.19343518242014,0.925756984073996,0.742532639628229,0.283329844000328,0.313803219786484,1.70433301587957,1.00885404376397,0.602967146497814,2.57677740274846,2.48128373447695,0.367955616162317,8.94934280133841,3.72694942465272
"178","New_Caledonia",NA,NA,NA,NA,NA,NA,NA,NA,NA,NA,NA,NA,NA,NA,NA,NA,0.00052017725845239,0.00979682904811841,3.66531735714202,1.60763869844252,1.54432509568833,NA,NA,NA,5.11211072935497,NA,NA,NA,NA,10.3384706426902,NA
"179","Niger",NA,NA,NA,NA,NA,NA,NA,NA,NA,NA,NA,NA,NA,NA,NA,NA,0.0441055639261306,0.0108268306942281,1.65707461355822,0.412326863283481,0.327951915835801,0.0469210201565499,2.1819130125779,2.00990097510055,0.529593662886945,0.00957090708726689,1.12734011370245,0.280966178164567,0.122651872054106,8.32143568686941,2.28259532236516
"180","Northern_Mariana_Islands",NA,NA,NA,NA,NA,NA,NA,NA,NA,NA,NA,NA,NA,NA,NA,NA,0.000104871405630105,0.0765496201688397,NA,NA,NA,NA,NA,1.64437473824576,NA,NA,NA,NA,NA,10.230486616635,NA
"181","Palestine",NA,NA,NA,NA,NA,NA,NA,NA,NA,NA,NA,NA,NA,NA,NA,NA,0.00929500610914235,0.496930775577098,2.23869682891309,0.49146519583691,0.410772864102027,0.225479215715541,0.0490317530916381,2.24240585170277,2.3175193760218,NA,NA,NA,NA,9.87187299924191,4.42333443825565
"182","Papua_New_Guinea",NA,NA,NA,NA,NA,NA,NA,NA,NA,NA,NA,NA,NA,NA,NA,NA,0.0163018798356499,0.0116346125183625,2.48012491830568,0.615017898700938,0.509777216052457,0.193723717857884,NA,4.73505107478468,3.86253229336966,2.24916316550772,3.57235049017399,NA,NA,8.59872800069011,3.5077171055555
"183","Paraguay",NA,NA,NA,NA,NA,NA,NA,NA,NA,NA,NA,NA,NA,NA,NA,NA,0.0129957858609533,0.0109475190458181,2.90811107677436,1.03009037760362,0.912220387081732,0.447270317637222,0.0833539802557848,1.67923655536787,1.80980974879134,0.478545354363344,1.58120431532292,2.49114164783425,0.531491445567791,9.89853572172467,4.52650258841904
"184","Rwanda",NA,NA,NA,NA,NA,NA,NA,NA,NA,NA,NA,NA,NA,NA,NA,NA,0.0235994989982955,0.31600488816408,2.22772282484979,0.480321226558978,0.390781600727421,0.093954073116087,2.74577817313174,1.61385589060065,0.936636726097572,0.449832633101544,1.53728197323061,0.144488844351282,NA,9.20130552880049,3.37875691785125
"185","Saint_Kitts_and_Nevis",NA,NA,NA,NA,NA,NA,NA,NA,NA,NA,NA,NA,NA,NA,NA,NA,9.69181821199251e-05,0.135927650588432,NA,NA,NA,1.24925366688158,NA,NA,2.80991017829272,NA,NA,NA,0.940331019081477,10.162496674304,5.01655130169518
"186","Saint_Lucia",NA,NA,NA,NA,NA,NA,NA,NA,NA,NA,NA,NA,NA,NA,NA,NA,0.00033458017868288,0.187218284326078,3.82992741809151,1.57000761377936,1.52433383231372,0.656278076439945,NA,1.72555031918853,2.5429249432836,NA,NA,2.728983366931,0.531491445567791,10.1584972659316,4.8166630107536
"187","Saint_Vincent_and_the_Grenadines",NA,NA,NA,NA,NA,NA,NA,NA,NA,NA,NA,NA,NA,NA,NA,NA,0.000202150352527811,0.179938669468266,3.48973329212923,1.24747853192386,1.14997362650115,0.543551440268093,NA,2.1307957526193,2.5429249432836,NA,NA,NA,1.06298289113558,9.66923630837293,4.6619107855085
"188","San_Marino",NA,NA,NA,NA,NA,NA,NA,NA,NA,NA,NA,NA,NA,NA,NA,NA,6.18365405471879e-05,0.355466786320488,NA,NA,NA,2.88120753779812,NA,NA,1.23425961102577,NA,NA,NA,1.55359037935201,11.3276576468006,NA
"189","Sao_Tome_and_Principe",NA,NA,NA,NA,NA,NA,NA,NA,NA,NA,NA,NA,NA,NA,NA,NA,0.000399321057895641,0.135912325083468,2.052138759837,0.466108628059587,0.514537040665459,0.154682996896525,1.58372562485991,2.27784954240529,0.529593662886945,NA,NA,1.29373377203422,1.18563476318969,9.3839451778074,3.79787752789005
"190","Seychelles",NA,NA,NA,NA,NA,NA,NA,NA,NA,NA,NA,NA,NA,NA,NA,NA,0.0001791798396314,0.133047094217942,3.97258947091441,1.38992753052003,1.32941901441131,1.33680758110463,0.053934928400802,2.04623855854979,2.3087657617592,0.679534403195949,2.61337935449204,NA,1.47182246464927,9.78521915117294,5.13906348001421
"191","Sierra_Leone",NA,NA,NA,NA,NA,NA,NA,NA,NA,NA,NA,NA,NA,NA,NA,NA,0.0145344203075258,0.0668575154046407,2.0960347760902,0.409904261266539,0.305818731385344,0.0704474020773773,2.55945751138351,2.74678905051513,0.529593662886945,0.842239823679486,3.0233212140202,0.603210412577637,NA,7.29225459903487,2.70171593240396
"192","Sint_Maarten_(Dutch_part)",NA,NA,NA,NA,NA,NA,NA,NA,NA,NA,NA,NA,NA,NA,NA,NA,7.81329050546441e-05,0.772078506070355,NA,NA,NA,1.84072438974478,NA,NA,NA,NA,NA,NA,NA,10.5251097000695,NA
"193","Slovenia",NA,NA,NA,NA,NA,NA,NA,NA,NA,NA,NA,NA,NA,NA,NA,NA,0.00378790626768951,0.0655286664117366,4.88343180816826,3.07864264312954,3.07722661230545,1.59110091422527,NA,1.29439886200374,1.58659258509519,1.92375232454064,1.8300975871793,NA,1.83977808081159,10.8410629614902,5.77741640915023
"194","Solomon_Islands",NA,NA,NA,NA,NA,NA,NA,NA,NA,NA,NA,NA,NA,NA,NA,NA,0.00125152216683279,0.013946848079778,2.28259284516629,0.566404351560974,0.4862160842181,0.111775548106692,1.23069700260012,3.87730195365311,4.08793786063146,NA,NA,1.12317622347141,0.57237540291916,9.73189370620742,3.52061312432592
"195","Somalia",NA,NA,NA,NA,NA,NA,NA,NA,NA,NA,NA,NA,NA,NA,NA,NA,0.0289581495998243,0.0150062236104017,1.84363268263431,0.441075073884522,0.35603488105251,NA,NA,3.08451184976673,1.32398415721736,NA,NA,0.307660781636874,0.367955616162317,7.65220135255213,NA
"196","South_Korea",NA,NA,NA,NA,NA,NA,NA,NA,NA,NA,NA,NA,NA,NA,NA,NA,0.0934147243031616,0.337140036634593,4.76271776347197,2.24720563091514,2.05196039066493,1.82102070285921,0.00980635061832763,0.725216872004569,1.488114424641,0.593396239410547,2.99403965262534,NA,5.01646156701292,11.0690292387178,5.82255247484672
"197","South_Sudan",NA,NA,NA,NA,NA,NA,NA,NA,NA,NA,NA,NA,NA,NA,NA,NA,0.0203954704809574,NA,2.1070087801535,0.55574490268643,0.483598180680949,0.0795472424314534,NA,2.36776166000468,2.28250491897142,NA,NA,NA,NA,7.71219247813834,2.50182764146238
"198","Sri_Lanka",NA,NA,NA,NA,NA,NA,NA,NA,NA,NA,NA,NA,NA,NA,NA,NA,0.0390158907971027,0.218359710412549,3.74213538558512,1.62621198057241,1.26873125059554,0.591279694519798,0.0343222271641467,1.66207550122092,2.33721500811263,0.0287127212618007,1.97650539415364,NA,1.47182246464927,10.2624818836143,4.96496722661348
"199","Swaziland",NA,NA,NA,NA,NA,NA,NA,NA,NA,NA,NA,NA,NA,NA,NA,NA,0.00211387024065613,0.0507606266909809,2.35941087360938,0.510846011972444,0.439093820549386,0.392138879012998,NA,2.8118492631656,0.862231004865522,0.162705420483537,1.20786440753834,0.754114724351923,0.85856310437874,8.02414633118664,3.79142951850484
"200","Syria",NA,NA,NA,NA,NA,NA,NA,NA,NA,NA,NA,NA,NA,NA,NA,NA,0.0318869728971338,NA,2.38135888173598,NA,0.613303401385239,NA,NA,3.17301566464251,NA,NA,NA,2.20936180063066,0.613259360270528,9.69189962248328,3.4561330304738
"201","Taiwan",NA,NA,NA,NA,NA,NA,NA,NA,NA,NA,NA,NA,NA,NA,NA,NA,0.0433952199007234,NA,4.63102971471237,NA,1.98794074962006,NA,NA,0.876664228970196,NA,NA,NA,NA,NA,10.7264132548144,NA
"202","United_Republic_of_Tanzania",NA,NA,NA,NA,NA,NA,NA,NA,NA,NA,NA,NA,NA,NA,NA,NA,0.10883838423681,0.0413143685689097,1.942398719204,0.501963137910324,0.445995566238238,0.135964752775541,2.40745907679943,1.83237893537209,1.25833205024791,0.315839933879807,1.95454422310749,1.50068736261144,0.28618770145958,8.72670906860736,3.46902904924422
"203","Timor",NA,NA,NA,NA,NA,NA,NA,NA,NA,NA,NA,NA,NA,NA,NA,NA,0.00240225977347267,0.0556673425302288,1.9753207313939,0.574318184816317,0.451469364543189,0.332911326536273,1.48566211867664,2.82795619850745,1.50124484603489,0.602967146497814,5.71722486234813,0.881829468514276,2.41215348373075,9.26529606275912,4.03000586575769
"204","Togo",NA,NA,NA,NA,NA,NA,NA,NA,NA,NA,NA,NA,NA,NA,NA,NA,0.0150842258288645,0.0915481810267595,2.1289567882801,0.458517808406503,0.362936626741362,0.0724495513964332,2.4123622521086,2.36150441077764,1.34586819287385,0.086138163785402,1.03949542951784,0.327814737834021,0.28618770145958,8.13746290173837,3.24334872076179
"205","Trinidad_and_Tobago",NA,NA,NA,NA,NA,NA,NA,NA,NA,NA,NA,NA,NA,NA,NA,NA,0.0025499346445555,0.170423446573858,3.97258947091441,1.61732910651029,1.38487097115278,1.45744344941175,NA,1.92665088834935,2.40067871151644,NA,NA,2.79911537910151,1.22651872054106,9.79988364853845,5.05523935800645
"206","Turks_and_Caicos_Islands",NA,NA,NA,NA,NA,NA,NA,NA,NA,NA,NA,NA,NA,NA,NA,NA,7.05459124552425e-05,0.0238260517170769,NA,NA,NA,NA,NA,NA,NA,NA,NA,NA,NA,10.6944179878351,NA
"207","United_States_Virgin_Islands",NA,NA,NA,NA,NA,NA,NA,NA,NA,NA,NA,NA,NA,NA,NA,NA,0.000190263335304349,0.195706698387911,4.63102971471237,3.00418800780886,2.57006729979014,NA,NA,2.30784554712308,2.6829827714851,NA,NA,NA,NA,10.742410888304,NA
"208","Uruguay",NA,NA,NA,NA,NA,NA,NA,NA,NA,NA,NA,NA,NA,NA,NA,NA,0.00632928459206086,0.0126122520225125,3.90674544653461,2.36688217055206,2.46582714076541,1.04135321375216,0.00490317530916382,1.35524259943383,1.51656367099443,1.33992699221736,1.45675767939472,NA,1.14475080583832,10.3864635431592,5.1841995457107
"209","Vatican",NA,NA,NA,NA,NA,NA,NA,NA,NA,NA,NA,NA,NA,NA,NA,NA,1.47403386477326e-06,NA,NA,NA,NA,NA,NA,NA,NA,NA,NA,NA,NA,10.0145185645247,NA
"210","Venezuela",NA,NA,NA,NA,NA,NA,NA,NA,NA,NA,NA,NA,NA,NA,NA,NA,0.051811548774737,0.0231498138105486,3.18246117835684,1.06820598267017,0.931735667995038,0.848481117477184,NA,1.7274898977899,1.4158971069746,NA,NA,NA,0.327071658810949,9.60657891053845,4.90693514214657
"211","Vietnam",NA,NA,NA,NA,NA,NA,NA,NA,NA,NA,NA,NA,NA,NA,NA,NA,0.177355213462352,0.196758411166053,3.57752532463563,1.15477362807555,1.12284262620705,0.312733362384328,0.0980635061832763,2.06999417994141,1.31304213938912,0.0957090708726689,3.3600591700612,2.6865786920131,1.06298289113558,10.0518463760005,4.47491851333734
"212","Wallis_and_Futuna",NA,NA,NA,NA,NA,NA,NA,NA,NA,NA,NA,NA,NA,NA,NA,NA,2.04907105602474e-05,NA,NA,NA,NA,NA,NA,NA,NA,NA,NA,NA,NA,10.6570901763592,NA
"213","Western_Sahara",NA,NA,NA,NA,NA,NA,NA,NA,NA,NA,NA,NA,NA,NA,NA,NA,0.00108836174097035,NA,3.11661715397705,NA,0.328427898297101,NA,NA,NA,NA,NA,NA,NA,NA,9.36661440819361,NA
"214","Yemen",NA,NA,NA,NA,NA,NA,NA,NA,NA,NA,NA,NA,NA,NA,NA,NA,0.0543442359476436,0.0341682133168244,2.22772282484979,0.471922872900247,0.376740118119066,0.0749493371506483,0.921796958122797,4.17433576702804,1.17079590762197,0.727388938632283,2.13755398182542,1.55041505888048,0.28618770145958,8.81469605280047,2.91450024211596
"215","World",NA,NA,NA,NA,NA,NA,NA,NA,NA,NA,NA,NA,NA,NA,NA,NA,14.2024688450403,0.0370653723176922,3.39096725555953,1.40446314262168,1.27444304013114,0.783834744549507,0.490317530916381,1.96546775922818,1.8623314343669,0.615792161994751,2.5354171972782,1.88176612753792,1.10591104635452,9.67590198899362,NA
"216","International",NA,NA,NA,NA,NA,NA,NA,NA,NA,NA,NA,NA,NA,NA,NA,NA,NA,NA,NA,NA,NA,NA,NA,NA,NA,NA,NA,NA,NA,NA,NA
